수집일,은행,상품유형,상품명,기간_개월,기본금리,최고우대금리,출처
2026-09-01,카카오뱅크,정기예금,카카오뱅크 정기예금,6,3.40,3.40,금융감독원 금융상품통합비교공시
2026-09-01,케이뱅크,정기예금,코드K 정기예금,6,3.40,3.40,금융감독원 금융상품통합비교공시
2026-09-01,토스뱅크,정기예금,토스뱅크 먼저 이자 받는 정기예금,6,3.30,3.30,금융감독원 금융상품통합비교공시
2026-09-01,NH농협은행,정기예금,NH올원e예금,6,3.25,3.25,금융감독원 금융상품통합비교공시
2026-09-01,우리은행,정기예금,WON플러스예금,6,3.20,3.20,금융감독원 금융상품통합비교공시
2026-09-01,신한은행,정기예금,쏠편한 정기예금,6,2.50,3.15,금융감독원 금융상품통합비교공시
2026-09-01,KB국민은행,정기예금,KB Star 정기예금,6,2.35,3.15,금융감독원 금융상품통합비교공시
2026-09-01,하나은행,정기예금,하나의정기예금,6,2.25,3.20,금융감독원 금융상품통합비교공시
2026-09-01,케이뱅크,정기예금,코드K 정기예금,12,3.51,3.51,금융감독원 금융상품통합비교공시
2026-09-01,카카오뱅크,정기예금,카카오뱅크 정기예금,12,3.60,3.60,금융감독원 금융상품통합비교공시
2026-09-01,토스뱅크,정기예금,토스뱅크 먼저 이자 받는 정기예금,12,3.45,3.45,금융감독원 금융상품통합비교공시
2026-09-01,NH농협은행,정기예금,NH올원e예금,12,3.45,3.45,금융감독원 금융상품통합비교공시
2026-09-01,우리은행,정기예금,WON플러스예금,12,3.40,3.40,금융감독원 금융상품통합비교공시
2026-09-01,신한은행,정기예금,쏠편한 정기예금,12,2.55,3.40,금융감독원 금융상품통합비교공시
2026-09-01,KB국민은행,정기예금,KB Star 정기예금,12,2.40,3.40,금융감독원 금융상품통합비교공시
2026-09-01,하나은행,정기예금,하나의정기예금,12,2.30,3.30,금융감독원 금융상품통합비교공시
2026-09-01,케이뱅크,정기예금,코드K 정기예금,24,3.10,3.10,금융감독원 금융상품통합비교공시
2026-09-01,NH농협은행,정기예금,NH올원e예금,24,3.00,3.00,금융감독원 금융상품통합비교공시
2026-09-01,우리은행,정기예금,WON플러스예금,24,3.00,3.00,금융감독원 금융상품통합비교공시
2026-09-01,카카오뱅크,정기예금,카카오뱅크 정기예금,24,3.00,3.00,금융감독원 금융상품통합비교공시
2026-09-01,신한은행,정기예금,쏠편한 정기예금,24,2.60,3.00,금융감독원 금융상품통합비교공시
2026-09-01,KB국민은행,정기예금,KB Star 정기예금,24,2.40,3.00,금융감독원 금융상품통합비교공시
2026-09-01,하나은행,정기예금,하나의정기예금,24,2.30,2.70,금융감독원 금융상품통합비교공시
2026-09-01,신한은행,적금(자유적립),신한 알.쏠 적금,12,2.90,4.20,금융감독원 금융상품통합비교공시
2026-09-01,하나은행,적금(자유적립),주거래하나 월복리적금,12,2.95,3.95,금융감독원 금융상품통합비교공시
2026-09-01,카카오뱅크,적금(자유적립),카카오뱅크 자유적금,12,3.65,3.85,금융감독원 금융상품통합비교공시
2026-09-01,케이뱅크,적금(자유적립),코드K 자유적금,12,3.70,3.70,금융감독원 금융상품통합비교공시
2026-09-01,NH농협은행,적금(자유적립),NH내가Green초록세상적금,12,2.55,3.55,금융감독원 금융상품통합비교공시
2026-09-01,KB국민은행,적금(자유적립),KB맑은하늘적금,12,2.65,3.45,금융감독원 금융상품통합비교공시
2026-09-01,우리은행,적금(자유적립),WON적금,12,3.20,3.40,금융감독원 금융상품통합비교공시
2026-09-01,토스뱅크,적금(자유적립),토스뱅크 자유 적금,12,2.50,3.00,금융감독원 금융상품통합비교공시
2026-09-02,카카오뱅크,정기예금,카카오뱅크 정기예금,6,3.40,3.40,금융감독원 금융상품통합비교공시
2026-09-02,케이뱅크,정기예금,코드K 정기예금,6,3.40,3.40,금융감독원 금융상품통합비교공시
2026-09-02,토스뱅크,정기예금,토스뱅크 먼저 이자 받는 정기예금,6,3.30,3.30,금융감독원 금융상품통합비교공시
2026-09-02,NH농협은행,정기예금,NH올원e예금,6,3.25,3.25,금융감독원 금융상품통합비교공시
2026-09-02,우리은행,정기예금,WON플러스예금,6,3.20,3.20,금융감독원 금융상품통합비교공시
2026-09-02,신한은행,정기예금,쏠편한 정기예금,6,2.50,3.15,금융감독원 금융상품통합비교공시
2026-09-02,KB국민은행,정기예금,KB Star 정기예금,6,2.35,3.15,금융감독원 금융상품통합비교공시
2026-09-02,하나은행,정기예금,하나의정기예금,6,2.25,3.20,금융감독원 금융상품통합비교공시
2026-09-02,케이뱅크,정기예금,코드K 정기예금,12,3.51,3.51,금융감독원 금융상품통합비교공시
2026-09-02,카카오뱅크,정기예금,카카오뱅크 정기예금,12,3.60,3.60,금융감독원 금융상품통합비교공시
2026-09-02,토스뱅크,정기예금,토스뱅크 먼저 이자 받는 정기예금,12,3.45,3.45,금융감독원 금융상품통합비교공시
2026-09-02,NH농협은행,정기예금,NH올원e예금,12,3.45,3.45,금융감독원 금융상품통합비교공시
2026-09-02,우리은행,정기예금,WON플러스예금,12,3.40,3.40,금융감독원 금융상품통합비교공시
2026-09-02,신한은행,정기예금,쏠편한 정기예금,12,2.55,3.40,금융감독원 금융상품통합비교공시
2026-09-02,KB국민은행,정기예금,KB Star 정기예금,12,2.40,3.40,금융감독원 금융상품통합비교공시
2026-09-02,하나은행,정기예금,하나의정기예금,12,2.30,3.30,금융감독원 금융상품통합비교공시
2026-09-02,케이뱅크,정기예금,코드K 정기예금,24,3.10,3.10,금융감독원 금융상품통합비교공시
2026-09-02,NH농협은행,정기예금,NH올원e예금,24,3.00,3.00,금융감독원 금융상품통합비교공시
2026-09-02,우리은행,정기예금,WON플러스예금,24,3.00,3.00,금융감독원 금융상품통합비교공시
2026-09-02,카카오뱅크,정기예금,카카오뱅크 정기예금,24,3.00,3.00,금융감독원 금융상품통합비교공시
2026-09-02,신한은행,정기예금,쏠편한 정기예금,24,2.60,3.00,금융감독원 금융상품통합비교공시
2026-09-02,KB국민은행,정기예금,KB Star 정기예금,24,2.40,3.00,금융감독원 금융상품통합비교공시
2026-09-02,하나은행,정기예금,하나의정기예금,24,2.30,2.70,금융감독원 금융상품통합비교공시
2026-09-02,신한은행,적금(자유적립),신한 알.쏠 적금,12,2.90,4.20,금융감독원 금융상품통합비교공시
2026-09-02,하나은행,적금(자유적립),주거래하나 월복리적금,12,2.95,3.95,금융감독원 금융상품통합비교공시
2026-09-02,카카오뱅크,적금(자유적립),카카오뱅크 자유적금,12,3.65,3.85,금융감독원 금융상품통합비교공시
2026-09-02,케이뱅크,적금(자유적립),코드K 자유적금,12,3.70,3.70,금융감독원 금융상품통합비교공시
2026-09-02,NH농협은행,적금(자유적립),NH내가Green초록세상적금,12,2.55,3.55,금융감독원 금융상품통합비교공시
2026-09-02,KB국민은행,적금(자유적립),KB맑은하늘적금,12,2.65,3.45,금융감독원 금융상품통합비교공시
2026-09-02,우리은행,적금(자유적립),WON적금,12,3.20,3.40,금융감독원 금융상품통합비교공시
2026-09-02,토스뱅크,적금(자유적립),토스뱅크 자유 적금,12,2.50,3.00,금융감독원 금융상품통합비교공시
2026-09-03,카카오뱅크,정기예금,카카오뱅크 정기예금,6,3.40,3.40,금융감독원 금융상품통합비교공시
2026-09-03,케이뱅크,정기예금,코드K 정기예금,6,3.40,3.40,금융감독원 금융상품통합비교공시
2026-09-03,토스뱅크,정기예금,토스뱅크 먼저 이자 받는 정기예금,6,3.30,3.30,금융감독원 금융상품통합비교공시
2026-09-03,NH농협은행,정기예금,NH올원e예금,6,3.25,3.25,금융감독원 금융상품통합비교공시
2026-09-03,우리은행,정기예금,WON플러스예금,6,3.20,3.20,금융감독원 금융상품통합비교공시
2026-09-03,신한은행,정기예금,쏠편한 정기예금,6,2.50,3.15,금융감독원 금융상품통합비교공시
2026-09-03,KB국민은행,정기예금,KB Star 정기예금,6,2.35,3.15,금융감독원 금융상품통합비교공시
2026-09-03,하나은행,정기예금,하나의정기예금,6,2.25,3.20,금융감독원 금융상품통합비교공시
2026-09-03,케이뱅크,정기예금,코드K 정기예금,12,3.51,3.51,금융감독원 금융상품통합비교공시
2026-09-03,카카오뱅크,정기예금,카카오뱅크 정기예금,12,3.60,3.60,금융감독원 금융상품통합비교공시
2026-09-03,토스뱅크,정기예금,토스뱅크 먼저 이자 받는 정기예금,12,3.45,3.45,금융감독원 금융상품통합비교공시
2026-09-03,NH농협은행,정기예금,NH올원e예금,12,3.45,3.45,금융감독원 금융상품통합비교공시
2026-09-03,우리은행,정기예금,WON플러스예금,12,3.40,3.40,금융감독원 금융상품통합비교공시
2026-09-03,신한은행,정기예금,쏠편한 정기예금,12,2.55,3.40,금융감독원 금융상품통합비교공시
2026-09-03,KB국민은행,정기예금,KB Star 정기예금,12,2.40,3.40,금융감독원 금융상품통합비교공시
2026-09-03,하나은행,정기예금,하나의정기예금,12,2.30,3.30,금융감독원 금융상품통합비교공시
2026-09-03,케이뱅크,정기예금,코드K 정기예금,24,3.10,3.10,금융감독원 금융상품통합비교공시
2026-09-03,NH농협은행,정기예금,NH올원e예금,24,3.00,3.00,금융감독원 금융상품통합비교공시
2026-09-03,우리은행,정기예금,WON플러스예금,24,3.00,3.00,금융감독원 금융상품통합비교공시
2026-09-03,카카오뱅크,정기예금,카카오뱅크 정기예금,24,3.00,3.00,금융감독원 금융상품통합비교공시
2026-09-03,신한은행,정기예금,쏠편한 정기예금,24,2.60,3.00,금융감독원 금융상품통합비교공시
2026-09-03,KB국민은행,정기예금,KB Star 정기예금,24,2.40,3.00,금융감독원 금융상품통합비교공시
2026-09-03,하나은행,정기예금,하나의정기예금,24,2.30,2.70,금융감독원 금융상품통합비교공시
2026-09-03,신한은행,적금(자유적립),신한 알.쏠 적금,12,2.90,4.20,금융감독원 금융상품통합비교공시
2026-09-03,하나은행,적금(자유적립),주거래하나 월복리적금,12,2.95,3.95,금융감독원 금융상품통합비교공시
2026-09-03,카카오뱅크,적금(자유적립),카카오뱅크 자유적금,12,3.65,3.85,금융감독원 금융상품통합비교공시
2026-09-03,케이뱅크,적금(자유적립),코드K 자유적금,12,3.70,3.70,금융감독원 금융상품통합비교공시
2026-09-03,NH농협은행,적금(자유적립),NH내가Green초록세상적금,12,2.55,3.55,금융감독원 금융상품통합비교공시
2026-09-03,KB국민은행,적금(자유적립),KB맑은하늘적금,12,2.65,3.45,금융감독원 금융상품통합비교공시
2026-09-03,우리은행,적금(자유적립),WON적금,12,3.20,3.40,금융감독원 금융상품통합비교공시
2026-09-03,토스뱅크,적금(자유적립),토스뱅크 자유 적금,12,2.50,3.00,금융감독원 금융상품통합비교공시
2026-09-04,카카오뱅크,정기예금,카카오뱅크 정기예금,6,3.40,3.40,금융감독원 금융상품통합비교공시
2026-09-04,케이뱅크,정기예금,코드K 정기예금,6,3.40,3.40,금융감독원 금융상품통합비교공시
2026-09-04,토스뱅크,정기예금,토스뱅크 먼저 이자 받는 정기예금,6,3.30,3.30,금융감독원 금융상품통합비교공시
2026-09-04,NH농협은행,정기예금,NH올원e예금,6,3.25,3.25,금융감독원 금융상품통합비교공시
2026-09-04,우리은행,정기예금,WON플러스예금,6,3.20,3.20,금융감독원 금융상품통합비교공시
2026-09-04,신한은행,정기예금,쏠편한 정기예금,6,2.50,3.15,금융감독원 금융상품통합비교공시
2026-09-04,KB국민은행,정기예금,KB Star 정기예금,6,2.35,3.15,금융감독원 금융상품통합비교공시
2026-09-04,하나은행,정기예금,하나의정기예금,6,2.25,3.20,금융감독원 금융상품통합비교공시
2026-09-04,케이뱅크,정기예금,코드K 정기예금,12,3.51,3.51,금융감독원 금융상품통합비교공시
2026-09-04,카카오뱅크,정기예금,카카오뱅크 정기예금,12,3.60,3.60,금융감독원 금융상품통합비교공시
2026-09-04,토스뱅크,정기예금,토스뱅크 먼저 이자 받는 정기예금,12,3.45,3.45,금융감독원 금융상품통합비교공시
2026-09-04,NH농협은행,정기예금,NH올원e예금,12,3.45,3.45,금융감독원 금융상품통합비교공시
2026-09-04,우리은행,정기예금,WON플러스예금,12,3.40,3.40,금융감독원 금융상품통합비교공시
2026-09-04,신한은행,정기예금,쏠편한 정기예금,12,2.55,3.40,금융감독원 금융상품통합비교공시
2026-09-04,KB국민은행,정기예금,KB Star 정기예금,12,2.40,3.40,금융감독원 금융상품통합비교공시
2026-09-04,하나은행,정기예금,하나의정기예금,12,2.30,3.30,금융감독원 금융상품통합비교공시
2026-09-04,케이뱅크,정기예금,코드K 정기예금,24,3.10,3.10,금융감독원 금융상품통합비교공시
2026-09-04,NH농협은행,정기예금,NH올원e예금,24,3.00,3.00,금융감독원 금융상품통합비교공시
2026-09-04,우리은행,정기예금,WON플러스예금,24,3.00,3.00,금융감독원 금융상품통합비교공시
2026-09-04,카카오뱅크,정기예금,카카오뱅크 정기예금,24,3.00,3.00,금융감독원 금융상품통합비교공시
2026-09-04,신한은행,정기예금,쏠편한 정기예금,24,2.60,3.00,금융감독원 금융상품통합비교공시
2026-09-04,KB국민은행,정기예금,KB Star 정기예금,24,2.40,3.00,금융감독원 금융상품통합비교공시
2026-09-04,하나은행,정기예금,하나의정기예금,24,2.30,2.70,금융감독원 금융상품통합비교공시
2026-09-04,신한은행,적금(자유적립),신한 알.쏠 적금,12,2.90,4.20,금융감독원 금융상품통합비교공시
2026-09-04,하나은행,적금(자유적립),주거래하나 월복리적금,12,2.95,3.95,금융감독원 금융상품통합비교공시
2026-09-04,카카오뱅크,적금(자유적립),카카오뱅크 자유적금,12,3.65,3.85,금융감독원 금융상품통합비교공시
2026-09-04,케이뱅크,적금(자유적립),코드K 자유적금,12,3.70,3.70,금융감독원 금융상품통합비교공시
2026-09-04,NH농협은행,적금(자유적립),NH내가Green초록세상적금,12,2.55,3.55,금융감독원 금융상품통합비교공시
2026-09-04,KB국민은행,적금(자유적립),KB맑은하늘적금,12,2.65,3.45,금융감독원 금융상품통합비교공시
2026-09-04,우리은행,적금(자유적립),WON적금,12,3.20,3.40,금융감독원 금융상품통합비교공시
2026-09-04,토스뱅크,적금(자유적립),토스뱅크 자유 적금,12,2.50,3.00,금융감독원 금융상품통합비교공시
2026-09-07,카카오뱅크,정기예금,카카오뱅크 정기예금,6,3.40,3.40,금융감독원 금융상품통합비교공시
2026-09-07,케이뱅크,정기예금,코드K 정기예금,6,3.40,3.40,금융감독원 금융상품통합비교공시
2026-09-07,토스뱅크,정기예금,토스뱅크 먼저 이자 받는 정기예금,6,3.30,3.30,금융감독원 금융상품통합비교공시
2026-09-07,NH농협은행,정기예금,NH올원e예금,6,3.25,3.25,금융감독원 금융상품통합비교공시
2026-09-07,우리은행,정기예금,WON플러스예금,6,3.20,3.20,금융감독원 금융상품통합비교공시
2026-09-07,신한은행,정기예금,쏠편한 정기예금,6,2.50,3.15,금융감독원 금융상품통합비교공시
2026-09-07,KB국민은행,정기예금,KB Star 정기예금,6,2.35,3.15,금융감독원 금융상품통합비교공시
2026-09-07,하나은행,정기예금,하나의정기예금,6,2.25,3.20,금융감독원 금융상품통합비교공시
2026-09-07,케이뱅크,정기예금,코드K 정기예금,12,3.51,3.51,금융감독원 금융상품통합비교공시
2026-09-07,카카오뱅크,정기예금,카카오뱅크 정기예금,12,3.60,3.60,금융감독원 금융상품통합비교공시
2026-09-07,토스뱅크,정기예금,토스뱅크 먼저 이자 받는 정기예금,12,3.45,3.45,금융감독원 금융상품통합비교공시
2026-09-07,NH농협은행,정기예금,NH올원e예금,12,3.45,3.45,금융감독원 금융상품통합비교공시
2026-09-07,우리은행,정기예금,WON플러스예금,12,3.40,3.40,금융감독원 금융상품통합비교공시
2026-09-07,신한은행,정기예금,쏠편한 정기예금,12,2.55,3.40,금융감독원 금융상품통합비교공시
2026-09-07,KB국민은행,정기예금,KB Star 정기예금,12,2.40,3.40,금융감독원 금융상품통합비교공시
2026-09-07,하나은행,정기예금,하나의정기예금,12,2.30,3.30,금융감독원 금융상품통합비교공시
2026-09-07,케이뱅크,정기예금,코드K 정기예금,24,3.10,3.10,금융감독원 금융상품통합비교공시
2026-09-07,NH농협은행,정기예금,NH올원e예금,24,3.00,3.00,금융감독원 금융상품통합비교공시
2026-09-07,우리은행,정기예금,WON플러스예금,24,3.00,3.00,금융감독원 금융상품통합비교공시
2026-09-07,카카오뱅크,정기예금,카카오뱅크 정기예금,24,3.00,3.00,금융감독원 금융상품통합비교공시
2026-09-07,신한은행,정기예금,쏠편한 정기예금,24,2.60,3.00,금융감독원 금융상품통합비교공시
2026-09-07,KB국민은행,정기예금,KB Star 정기예금,24,2.40,3.00,금융감독원 금융상품통합비교공시
2026-09-07,하나은행,정기예금,하나의정기예금,24,2.30,2.70,금융감독원 금융상품통합비교공시
2026-09-07,신한은행,적금(자유적립),신한 알.쏠 적금,12,2.90,4.20,금융감독원 금융상품통합비교공시
2026-09-07,하나은행,적금(자유적립),주거래하나 월복리적금,12,2.95,3.95,금융감독원 금융상품통합비교공시
2026-09-07,카카오뱅크,적금(자유적립),카카오뱅크 자유적금,12,3.65,3.85,금융감독원 금융상품통합비교공시
2026-09-07,케이뱅크,적금(자유적립),코드K 자유적금,12,3.70,3.70,금융감독원 금융상품통합비교공시
2026-09-07,NH농협은행,적금(자유적립),NH내가Green초록세상적금,12,2.55,3.55,금융감독원 금융상품통합비교공시
2026-09-07,KB국민은행,적금(자유적립),KB맑은하늘적금,12,2.65,3.45,금융감독원 금융상품통합비교공시
2026-09-07,우리은행,적금(자유적립),WON적금,12,3.20,3.40,금융감독원 금융상품통합비교공시
2026-09-07,토스뱅크,적금(자유적립),토스뱅크 자유 적금,12,2.50,3.00,금융감독원 금융상품통합비교공시
2026-09-08,카카오뱅크,정기예금,카카오뱅크 정기예금,6,3.40,3.40,금융감독원 금융상품통합비교공시
2026-09-08,케이뱅크,정기예금,코드K 정기예금,6,3.40,3.40,금융감독원 금융상품통합비교공시
2026-09-08,토스뱅크,정기예금,토스뱅크 먼저 이자 받는 정기예금,6,3.30,3.30,금융감독원 금융상품통합비교공시
2026-09-08,NH농협은행,정기예금,NH올원e예금,6,3.25,3.25,금융감독원 금융상품통합비교공시
2026-09-08,우리은행,정기예금,WON플러스예금,6,3.20,3.20,금융감독원 금융상품통합비교공시
2026-09-08,신한은행,정기예금,쏠편한 정기예금,6,2.50,3.15,금융감독원 금융상품통합비교공시
2026-09-08,KB국민은행,정기예금,KB Star 정기예금,6,2.35,3.15,금융감독원 금융상품통합비교공시
2026-09-08,하나은행,정기예금,하나의정기예금,6,2.25,3.20,금융감독원 금융상품통합비교공시
2026-09-08,케이뱅크,정기예금,코드K 정기예금,12,3.51,3.51,금융감독원 금융상품통합비교공시
2026-09-08,카카오뱅크,정기예금,카카오뱅크 정기예금,12,3.60,3.60,금융감독원 금융상품통합비교공시
2026-09-08,토스뱅크,정기예금,토스뱅크 먼저 이자 받는 정기예금,12,3.45,3.45,금융감독원 금융상품통합비교공시
2026-09-08,NH농협은행,정기예금,NH올원e예금,12,3.45,3.45,금융감독원 금융상품통합비교공시
2026-09-08,우리은행,정기예금,WON플러스예금,12,3.40,3.40,금융감독원 금융상품통합비교공시
2026-09-08,신한은행,정기예금,쏠편한 정기예금,12,2.55,3.40,금융감독원 금융상품통합비교공시
2026-09-08,KB국민은행,정기예금,KB Star 정기예금,12,2.40,3.40,금융감독원 금융상품통합비교공시
2026-09-08,하나은행,정기예금,하나의정기예금,12,2.30,3.30,금융감독원 금융상품통합비교공시
2026-09-08,케이뱅크,정기예금,코드K 정기예금,24,3.10,3.10,금융감독원 금융상품통합비교공시
2026-09-08,NH농협은행,정기예금,NH올원e예금,24,3.00,3.00,금융감독원 금융상품통합비교공시
2026-09-08,우리은행,정기예금,WON플러스예금,24,3.00,3.00,금융감독원 금융상품통합비교공시
2026-09-08,카카오뱅크,정기예금,카카오뱅크 정기예금,24,3.00,3.00,금융감독원 금융상품통합비교공시
2026-09-08,신한은행,정기예금,쏠편한 정기예금,24,2.60,3.00,금융감독원 금융상품통합비교공시
2026-09-08,KB국민은행,정기예금,KB Star 정기예금,24,2.40,3.00,금융감독원 금융상품통합비교공시
2026-09-08,하나은행,정기예금,하나의정기예금,24,2.30,2.70,금융감독원 금융상품통합비교공시
2026-09-08,신한은행,적금(자유적립),신한 알.쏠 적금,12,2.90,4.20,금융감독원 금융상품통합비교공시
2026-09-08,하나은행,적금(자유적립),주거래하나 월복리적금,12,2.95,3.95,금융감독원 금융상품통합비교공시
2026-09-08,카카오뱅크,적금(자유적립),카카오뱅크 자유적금,12,3.65,3.85,금융감독원 금융상품통합비교공시
2026-09-08,케이뱅크,적금(자유적립),코드K 자유적금,12,3.70,3.70,금융감독원 금융상품통합비교공시
2026-09-08,NH농협은행,적금(자유적립),NH내가Green초록세상적금,12,2.55,3.55,금융감독원 금융상품통합비교공시
2026-09-08,KB국민은행,적금(자유적립),KB맑은하늘적금,12,2.65,3.45,금융감독원 금융상품통합비교공시
2026-09-08,우리은행,적금(자유적립),WON적금,12,3.20,3.40,금융감독원 금융상품통합비교공시
2026-09-08,토스뱅크,적금(자유적립),토스뱅크 자유 적금,12,2.50,3.00,금융감독원 금융상품통합비교공시
2026-09-09,카카오뱅크,정기예금,카카오뱅크 정기예금,6,3.40,3.40,금융감독원 금융상품통합비교공시
2026-09-09,케이뱅크,정기예금,코드K 정기예금,6,3.40,3.40,금융감독원 금융상품통합비교공시
2026-09-09,토스뱅크,정기예금,토스뱅크 먼저 이자 받는 정기예금,6,3.30,3.30,금융감독원 금융상품통합비교공시
2026-09-09,NH농협은행,정기예금,NH올원e예금,6,3.25,3.25,금융감독원 금융상품통합비교공시
2026-09-09,우리은행,정기예금,WON플러스예금,6,3.20,3.20,금융감독원 금융상품통합비교공시
2026-09-09,신한은행,정기예금,쏠편한 정기예금,6,2.50,3.15,금융감독원 금융상품통합비교공시
2026-09-09,KB국민은행,정기예금,KB Star 정기예금,6,2.35,3.15,금융감독원 금융상품통합비교공시
2026-09-09,하나은행,정기예금,하나의정기예금,6,2.25,3.20,금융감독원 금융상품통합비교공시
2026-09-09,케이뱅크,정기예금,코드K 정기예금,12,3.51,3.51,금융감독원 금융상품통합비교공시
2026-09-09,카카오뱅크,정기예금,카카오뱅크 정기예금,12,3.60,3.60,금융감독원 금융상품통합비교공시
2026-09-09,토스뱅크,정기예금,토스뱅크 먼저 이자 받는 정기예금,12,3.45,3.45,금융감독원 금융상품통합비교공시
2026-09-09,NH농협은행,정기예금,NH올원e예금,12,3.45,3.45,금융감독원 금융상품통합비교공시
2026-09-09,우리은행,정기예금,WON플러스예금,12,3.40,3.40,금융감독원 금융상품통합비교공시
2026-09-09,신한은행,정기예금,쏠편한 정기예금,12,2.55,3.40,금융감독원 금융상품통합비교공시
2026-09-09,KB국민은행,정기예금,KB Star 정기예금,12,2.40,3.40,금융감독원 금융상품통합비교공시
2026-09-09,하나은행,정기예금,하나의정기예금,12,2.30,3.30,금융감독원 금융상품통합비교공시
2026-09-09,케이뱅크,정기예금,코드K 정기예금,24,3.10,3.10,금융감독원 금융상품통합비교공시
2026-09-09,NH농협은행,정기예금,NH올원e예금,24,3.00,3.00,금융감독원 금융상품통합비교공시
2026-09-09,우리은행,정기예금,WON플러스예금,24,3.00,3.00,금융감독원 금융상품통합비교공시
2026-09-09,카카오뱅크,정기예금,카카오뱅크 정기예금,24,3.00,3.00,금융감독원 금융상품통합비교공시
2026-09-09,신한은행,정기예금,쏠편한 정기예금,24,2.60,3.00,금융감독원 금융상품통합비교공시
2026-09-09,KB국민은행,정기예금,KB Star 정기예금,24,2.40,3.00,금융감독원 금융상품통합비교공시
2026-09-09,하나은행,정기예금,하나의정기예금,24,2.30,2.70,금융감독원 금융상품통합비교공시
2026-09-09,신한은행,적금(자유적립),신한 알.쏠 적금,12,2.90,4.20,금융감독원 금융상품통합비교공시
2026-09-09,하나은행,적금(자유적립),주거래하나 월복리적금,12,2.95,3.95,금융감독원 금융상품통합비교공시
2026-09-09,카카오뱅크,적금(자유적립),카카오뱅크 자유적금,12,3.65,3.85,금융감독원 금융상품통합비교공시
2026-09-09,케이뱅크,적금(자유적립),코드K 자유적금,12,3.70,3.70,금융감독원 금융상품통합비교공시
2026-09-09,NH농협은행,적금(자유적립),NH내가Green초록세상적금,12,2.55,3.55,금융감독원 금융상품통합비교공시
2026-09-09,KB국민은행,적금(자유적립),KB맑은하늘적금,12,2.65,3.45,금융감독원 금융상품통합비교공시
2026-09-09,우리은행,적금(자유적립),WON적금,12,3.20,3.40,금융감독원 금융상품통합비교공시
2026-09-09,토스뱅크,적금(자유적립),토스뱅크 자유 적금,12,2.50,3.00,금융감독원 금융상품통합비교공시
2026-09-10,카카오뱅크,정기예금,카카오뱅크 정기예금,6,3.40,3.40,금융감독원 금융상품통합비교공시
2026-09-10,케이뱅크,정기예금,코드K 정기예금,6,3.40,3.40,금융감독원 금융상품통합비교공시
2026-09-10,토스뱅크,정기예금,토스뱅크 먼저 이자 받는 정기예금,6,3.30,3.30,금융감독원 금융상품통합비교공시
2026-09-10,NH농협은행,정기예금,NH올원e예금,6,3.25,3.25,금융감독원 금융상품통합비교공시
2026-09-10,우리은행,정기예금,WON플러스예금,6,3.20,3.20,금융감독원 금융상품통합비교공시
2026-09-10,신한은행,정기예금,쏠편한 정기예금,6,2.50,3.15,금융감독원 금융상품통합비교공시
2026-09-10,KB국민은행,정기예금,KB Star 정기예금,6,2.35,3.15,금융감독원 금융상품통합비교공시
2026-09-10,하나은행,정기예금,하나의정기예금,6,2.25,3.20,금융감독원 금융상품통합비교공시
2026-09-10,케이뱅크,정기예금,코드K 정기예금,12,3.51,3.51,금융감독원 금융상품통합비교공시
2026-09-10,카카오뱅크,정기예금,카카오뱅크 정기예금,12,3.60,3.60,금융감독원 금융상품통합비교공시
2026-09-10,토스뱅크,정기예금,토스뱅크 먼저 이자 받는 정기예금,12,3.45,3.45,금융감독원 금융상품통합비교공시
2026-09-10,NH농협은행,정기예금,NH올원e예금,12,3.45,3.45,금융감독원 금융상품통합비교공시
2026-09-10,우리은행,정기예금,WON플러스예금,12,3.40,3.40,금융감독원 금융상품통합비교공시
2026-09-10,신한은행,정기예금,쏠편한 정기예금,12,2.55,3.40,금융감독원 금융상품통합비교공시
2026-09-10,KB국민은행,정기예금,KB Star 정기예금,12,2.40,3.40,금융감독원 금융상품통합비교공시
2026-09-10,하나은행,정기예금,하나의정기예금,12,2.30,3.30,금융감독원 금융상품통합비교공시
2026-09-10,케이뱅크,정기예금,코드K 정기예금,24,3.10,3.10,금융감독원 금융상품통합비교공시
2026-09-10,NH농협은행,정기예금,NH올원e예금,24,3.00,3.00,금융감독원 금융상품통합비교공시
2026-09-10,우리은행,정기예금,WON플러스예금,24,3.00,3.00,금융감독원 금융상품통합비교공시
2026-09-10,카카오뱅크,정기예금,카카오뱅크 정기예금,24,3.00,3.00,금융감독원 금융상품통합비교공시
2026-09-10,신한은행,정기예금,쏠편한 정기예금,24,2.60,3.00,금융감독원 금융상품통합비교공시
2026-09-10,KB국민은행,정기예금,KB Star 정기예금,24,2.40,3.00,금융감독원 금융상품통합비교공시
2026-09-10,하나은행,정기예금,하나의정기예금,24,2.30,2.70,금융감독원 금융상품통합비교공시
2026-09-10,신한은행,적금(자유적립),신한 알.쏠 적금,12,2.90,4.20,금융감독원 금융상품통합비교공시
2026-09-10,하나은행,적금(자유적립),주거래하나 월복리적금,12,2.95,3.95,금융감독원 금융상품통합비교공시
2026-09-10,카카오뱅크,적금(자유적립),카카오뱅크 자유적금,12,3.65,3.85,금융감독원 금융상품통합비교공시
2026-09-10,케이뱅크,적금(자유적립),코드K 자유적금,12,3.70,3.70,금융감독원 금융상품통합비교공시
2026-09-10,NH농협은행,적금(자유적립),NH내가Green초록세상적금,12,2.55,3.55,금융감독원 금융상품통합비교공시
2026-09-10,KB국민은행,적금(자유적립),KB맑은하늘적금,12,2.65,3.45,금융감독원 금융상품통합비교공시
2026-09-10,우리은행,적금(자유적립),WON적금,12,3.20,3.40,금융감독원 금융상품통합비교공시
2026-09-10,토스뱅크,적금(자유적립),토스뱅크 자유 적금,12,2.50,3.00,금융감독원 금융상품통합비교공시
2026-09-11,카카오뱅크,정기예금,카카오뱅크 정기예금,6,3.40,3.40,금융감독원 금융상품통합비교공시
2026-09-11,케이뱅크,정기예금,코드K 정기예금,6,3.40,3.40,금융감독원 금융상품통합비교공시
2026-09-11,토스뱅크,정기예금,토스뱅크 먼저 이자 받는 정기예금,6,3.30,3.30,금융감독원 금융상품통합비교공시
2026-09-11,NH농협은행,정기예금,NH올원e예금,6,3.25,3.25,금융감독원 금융상품통합비교공시
2026-09-11,우리은행,정기예금,WON플러스예금,6,3.20,3.20,금융감독원 금융상품통합비교공시
2026-09-11,신한은행,정기예금,쏠편한 정기예금,6,2.50,3.15,금융감독원 금융상품통합비교공시
2026-09-11,KB국민은행,정기예금,KB Star 정기예금,6,2.35,3.15,금융감독원 금융상품통합비교공시
2026-09-11,하나은행,정기예금,하나의정기예금,6,2.25,3.20,금융감독원 금융상품통합비교공시
2026-09-11,케이뱅크,정기예금,코드K 정기예금,12,3.51,3.51,금융감독원 금융상품통합비교공시
2026-09-11,카카오뱅크,정기예금,카카오뱅크 정기예금,12,3.60,3.60,금융감독원 금융상품통합비교공시
2026-09-11,토스뱅크,정기예금,토스뱅크 먼저 이자 받는 정기예금,12,3.45,3.45,금융감독원 금융상품통합비교공시
2026-09-11,NH농협은행,정기예금,NH올원e예금,12,3.45,3.45,금융감독원 금융상품통합비교공시
2026-09-11,우리은행,정기예금,WON플러스예금,12,3.40,3.40,금융감독원 금융상품통합비교공시
2026-09-11,신한은행,정기예금,쏠편한 정기예금,12,2.55,3.40,금융감독원 금융상품통합비교공시
2026-09-11,KB국민은행,정기예금,KB Star 정기예금,12,2.40,3.40,금융감독원 금융상품통합비교공시
2026-09-11,하나은행,정기예금,하나의정기예금,12,2.30,3.30,금융감독원 금융상품통합비교공시
2026-09-11,케이뱅크,정기예금,코드K 정기예금,24,3.10,3.10,금융감독원 금융상품통합비교공시
2026-09-11,NH농협은행,정기예금,NH올원e예금,24,3.00,3.00,금융감독원 금융상품통합비교공시
2026-09-11,우리은행,정기예금,WON플러스예금,24,3.00,3.00,금융감독원 금융상품통합비교공시
2026-09-11,카카오뱅크,정기예금,카카오뱅크 정기예금,24,3.00,3.00,금융감독원 금융상품통합비교공시
2026-09-11,신한은행,정기예금,쏠편한 정기예금,24,2.60,3.00,금융감독원 금융상품통합비교공시
2026-09-11,KB국민은행,정기예금,KB Star 정기예금,24,2.40,3.00,금융감독원 금융상품통합비교공시
2026-09-11,하나은행,정기예금,하나의정기예금,24,2.30,2.70,금융감독원 금융상품통합비교공시
2026-09-11,신한은행,적금(자유적립),신한 알.쏠 적금,12,2.90,4.20,금융감독원 금융상품통합비교공시
2026-09-11,하나은행,적금(자유적립),주거래하나 월복리적금,12,2.95,3.95,금융감독원 금융상품통합비교공시
2026-09-11,카카오뱅크,적금(자유적립),카카오뱅크 자유적금,12,3.65,3.85,금융감독원 금융상품통합비교공시
2026-09-11,케이뱅크,적금(자유적립),코드K 자유적금,12,3.70,3.70,금융감독원 금융상품통합비교공시
2026-09-11,NH농협은행,적금(자유적립),NH내가Green초록세상적금,12,2.55,3.55,금융감독원 금융상품통합비교공시
2026-09-11,KB국민은행,적금(자유적립),KB맑은하늘적금,12,2.65,3.45,금융감독원 금융상품통합비교공시
2026-09-11,우리은행,적금(자유적립),WON적금,12,3.20,3.40,금융감독원 금융상품통합비교공시
2026-09-11,토스뱅크,적금(자유적립),토스뱅크 자유 적금,12,2.50,3.00,금융감독원 금융상품통합비교공시
2026-09-14,카카오뱅크,정기예금,카카오뱅크 정기예금,6,3.40,3.40,금융감독원 금융상품통합비교공시
2026-09-14,케이뱅크,정기예금,코드K 정기예금,6,3.40,3.40,금융감독원 금융상품통합비교공시
2026-09-14,토스뱅크,정기예금,토스뱅크 먼저 이자 받는 정기예금,6,3.30,3.30,금융감독원 금융상품통합비교공시
2026-09-14,NH농협은행,정기예금,NH올원e예금,6,3.25,3.25,금융감독원 금융상품통합비교공시
2026-09-14,우리은행,정기예금,WON플러스예금,6,3.20,3.20,금융감독원 금융상품통합비교공시
2026-09-14,신한은행,정기예금,쏠편한 정기예금,6,2.50,3.15,금융감독원 금융상품통합비교공시
2026-09-14,KB국민은행,정기예금,KB Star 정기예금,6,2.35,3.15,금융감독원 금융상품통합비교공시
2026-09-14,하나은행,정기예금,하나의정기예금,6,2.25,3.20,금융감독원 금융상품통합비교공시
2026-09-14,케이뱅크,정기예금,코드K 정기예금,12,3.51,3.51,금융감독원 금융상품통합비교공시
2026-09-14,카카오뱅크,정기예금,카카오뱅크 정기예금,12,3.60,3.60,금융감독원 금융상품통합비교공시
2026-09-14,토스뱅크,정기예금,토스뱅크 먼저 이자 받는 정기예금,12,3.45,3.45,금융감독원 금융상품통합비교공시
2026-09-14,NH농협은행,정기예금,NH올원e예금,12,3.45,3.45,금융감독원 금융상품통합비교공시
2026-09-14,우리은행,정기예금,WON플러스예금,12,3.40,3.40,금융감독원 금융상품통합비교공시
2026-09-14,신한은행,정기예금,쏠편한 정기예금,12,2.55,3.40,금융감독원 금융상품통합비교공시
2026-09-14,KB국민은행,정기예금,KB Star 정기예금,12,2.40,3.40,금융감독원 금융상품통합비교공시
2026-09-14,하나은행,정기예금,하나의정기예금,12,2.30,3.30,금융감독원 금융상품통합비교공시
2026-09-14,케이뱅크,정기예금,코드K 정기예금,24,3.10,3.10,금융감독원 금융상품통합비교공시
2026-09-14,NH농협은행,정기예금,NH올원e예금,24,3.00,3.00,금융감독원 금융상품통합비교공시
2026-09-14,우리은행,정기예금,WON플러스예금,24,3.00,3.00,금융감독원 금융상품통합비교공시
2026-09-14,카카오뱅크,정기예금,카카오뱅크 정기예금,24,3.00,3.00,금융감독원 금융상품통합비교공시
2026-09-14,신한은행,정기예금,쏠편한 정기예금,24,2.60,3.00,금융감독원 금융상품통합비교공시
2026-09-14,KB국민은행,정기예금,KB Star 정기예금,24,2.40,3.00,금융감독원 금융상품통합비교공시
2026-09-14,하나은행,정기예금,하나의정기예금,24,2.30,2.70,금융감독원 금융상품통합비교공시
2026-09-14,신한은행,적금(자유적립),신한 알.쏠 적금,12,2.90,4.20,금융감독원 금융상품통합비교공시
2026-09-14,하나은행,적금(자유적립),주거래하나 월복리적금,12,2.95,3.95,금융감독원 금융상품통합비교공시
2026-09-14,카카오뱅크,적금(자유적립),카카오뱅크 자유적금,12,3.65,3.85,금융감독원 금융상품통합비교공시
2026-09-14,케이뱅크,적금(자유적립),코드K 자유적금,12,3.70,3.70,금융감독원 금융상품통합비교공시
2026-09-14,NH농협은행,적금(자유적립),NH내가Green초록세상적금,12,2.55,3.55,금융감독원 금융상품통합비교공시
2026-09-14,KB국민은행,적금(자유적립),KB맑은하늘적금,12,2.65,3.45,금융감독원 금융상품통합비교공시
2026-09-14,우리은행,적금(자유적립),WON적금,12,3.20,3.40,금융감독원 금융상품통합비교공시
2026-09-14,토스뱅크,적금(자유적립),토스뱅크 자유 적금,12,2.50,3.00,금융감독원 금융상품통합비교공시
2026-09-15,카카오뱅크,정기예금,카카오뱅크 정기예금,6,3.40,3.40,금융감독원 금융상품통합비교공시
2026-09-15,케이뱅크,정기예금,코드K 정기예금,6,3.40,3.40,금융감독원 금융상품통합비교공시
2026-09-15,토스뱅크,정기예금,토스뱅크 먼저 이자 받는 정기예금,6,3.30,3.30,금융감독원 금융상품통합비교공시
2026-09-15,NH농협은행,정기예금,NH올원e예금,6,3.25,3.25,금융감독원 금융상품통합비교공시
2026-09-15,우리은행,정기예금,WON플러스예금,6,3.20,3.20,금융감독원 금융상품통합비교공시
2026-09-15,신한은행,정기예금,쏠편한 정기예금,6,2.50,3.15,금융감독원 금융상품통합비교공시
2026-09-15,KB국민은행,정기예금,KB Star 정기예금,6,2.35,3.15,금융감독원 금융상품통합비교공시
2026-09-15,하나은행,정기예금,하나의정기예금,6,2.25,3.20,금융감독원 금융상품통합비교공시
2026-09-15,케이뱅크,정기예금,코드K 정기예금,12,3.51,3.51,금융감독원 금융상품통합비교공시
2026-09-15,카카오뱅크,정기예금,카카오뱅크 정기예금,12,3.60,3.60,금융감독원 금융상품통합비교공시
2026-09-15,토스뱅크,정기예금,토스뱅크 먼저 이자 받는 정기예금,12,3.45,3.45,금융감독원 금융상품통합비교공시
2026-09-15,NH농협은행,정기예금,NH올원e예금,12,3.45,3.45,금융감독원 금융상품통합비교공시
2026-09-15,우리은행,정기예금,WON플러스예금,12,3.40,3.40,금융감독원 금융상품통합비교공시
2026-09-15,신한은행,정기예금,쏠편한 정기예금,12,2.55,3.40,금융감독원 금융상품통합비교공시
2026-09-15,KB국민은행,정기예금,KB Star 정기예금,12,2.40,3.40,금융감독원 금융상품통합비교공시
2026-09-15,하나은행,정기예금,하나의정기예금,12,2.30,3.30,금융감독원 금융상품통합비교공시
2026-09-15,케이뱅크,정기예금,코드K 정기예금,24,3.10,3.10,금융감독원 금융상품통합비교공시
2026-09-15,NH농협은행,정기예금,NH올원e예금,24,3.00,3.00,금융감독원 금융상품통합비교공시
2026-09-15,우리은행,정기예금,WON플러스예금,24,3.00,3.00,금융감독원 금융상품통합비교공시
2026-09-15,카카오뱅크,정기예금,카카오뱅크 정기예금,24,3.00,3.00,금융감독원 금융상품통합비교공시
2026-09-15,신한은행,정기예금,쏠편한 정기예금,24,2.60,3.00,금융감독원 금융상품통합비교공시
2026-09-15,KB국민은행,정기예금,KB Star 정기예금,24,2.40,3.00,금융감독원 금융상품통합비교공시
2026-09-15,하나은행,정기예금,하나의정기예금,24,2.30,2.70,금융감독원 금융상품통합비교공시
2026-09-15,신한은행,적금(자유적립),신한 알.쏠 적금,12,2.90,4.20,금융감독원 금융상품통합비교공시
2026-09-15,하나은행,적금(자유적립),주거래하나 월복리적금,12,2.95,3.95,금융감독원 금융상품통합비교공시
2026-09-15,카카오뱅크,적금(자유적립),카카오뱅크 자유적금,12,3.65,3.85,금융감독원 금융상품통합비교공시
2026-09-15,케이뱅크,적금(자유적립),코드K 자유적금,12,3.70,3.70,금융감독원 금융상품통합비교공시
2026-09-15,NH농협은행,적금(자유적립),NH내가Green초록세상적금,12,2.55,3.55,금융감독원 금융상품통합비교공시
2026-09-15,KB국민은행,적금(자유적립),KB맑은하늘적금,12,2.65,3.45,금융감독원 금융상품통합비교공시
2026-09-15,우리은행,적금(자유적립),WON적금,12,3.20,3.40,금융감독원 금융상품통합비교공시
2026-09-15,토스뱅크,적금(자유적립),토스뱅크 자유 적금,12,2.50,3.00,금융감독원 금융상품통합비교공시
2026-09-16,카카오뱅크,정기예금,카카오뱅크 정기예금,6,3.40,3.40,금융감독원 금융상품통합비교공시
2026-09-16,케이뱅크,정기예금,코드K 정기예금,6,3.40,3.40,금융감독원 금융상품통합비교공시
2026-09-16,토스뱅크,정기예금,토스뱅크 먼저 이자 받는 정기예금,6,3.30,3.30,금융감독원 금융상품통합비교공시
2026-09-16,NH농협은행,정기예금,NH올원e예금,6,3.25,3.25,금융감독원 금융상품통합비교공시
2026-09-16,우리은행,정기예금,WON플러스예금,6,3.20,3.20,금융감독원 금융상품통합비교공시
2026-09-16,신한은행,정기예금,쏠편한 정기예금,6,2.50,3.15,금융감독원 금융상품통합비교공시
2026-09-16,KB국민은행,정기예금,KB Star 정기예금,6,2.35,3.15,금융감독원 금융상품통합비교공시
2026-09-16,하나은행,정기예금,하나의정기예금,6,2.25,3.20,금융감독원 금융상품통합비교공시
2026-09-16,케이뱅크,정기예금,코드K 정기예금,12,3.51,3.51,금융감독원 금융상품통합비교공시
2026-09-16,카카오뱅크,정기예금,카카오뱅크 정기예금,12,3.60,3.60,금융감독원 금융상품통합비교공시
2026-09-16,토스뱅크,정기예금,토스뱅크 먼저 이자 받는 정기예금,12,3.45,3.45,금융감독원 금융상품통합비교공시
2026-09-16,NH농협은행,정기예금,NH올원e예금,12,3.45,3.45,금융감독원 금융상품통합비교공시
2026-09-16,우리은행,정기예금,WON플러스예금,12,3.40,3.40,금융감독원 금융상품통합비교공시
2026-09-16,신한은행,정기예금,쏠편한 정기예금,12,2.55,3.40,금융감독원 금융상품통합비교공시
2026-09-16,KB국민은행,정기예금,KB Star 정기예금,12,2.40,3.40,금융감독원 금융상품통합비교공시
2026-09-16,하나은행,정기예금,하나의정기예금,12,2.30,3.30,금융감독원 금융상품통합비교공시
2026-09-16,케이뱅크,정기예금,코드K 정기예금,24,3.10,3.10,금융감독원 금융상품통합비교공시
2026-09-16,NH농협은행,정기예금,NH올원e예금,24,3.00,3.00,금융감독원 금융상품통합비교공시
2026-09-16,우리은행,정기예금,WON플러스예금,24,3.00,3.00,금융감독원 금융상품통합비교공시
2026-09-16,카카오뱅크,정기예금,카카오뱅크 정기예금,24,3.00,3.00,금융감독원 금융상품통합비교공시
2026-09-16,신한은행,정기예금,쏠편한 정기예금,24,2.60,3.00,금융감독원 금융상품통합비교공시
2026-09-16,KB국민은행,정기예금,KB Star 정기예금,24,2.40,3.00,금융감독원 금융상품통합비교공시
2026-09-16,하나은행,정기예금,하나의정기예금,24,2.30,2.70,금융감독원 금융상품통합비교공시
2026-09-16,신한은행,적금(자유적립),신한 알.쏠 적금,12,2.90,4.20,금융감독원 금융상품통합비교공시
2026-09-16,하나은행,적금(자유적립),주거래하나 월복리적금,12,2.95,3.95,금융감독원 금융상품통합비교공시
2026-09-16,카카오뱅크,적금(자유적립),카카오뱅크 자유적금,12,3.65,3.85,금융감독원 금융상품통합비교공시
2026-09-16,케이뱅크,적금(자유적립),코드K 자유적금,12,3.70,3.70,금융감독원 금융상품통합비교공시
2026-09-16,NH농협은행,적금(자유적립),NH내가Green초록세상적금,12,2.55,3.55,금융감독원 금융상품통합비교공시
2026-09-16,KB국민은행,적금(자유적립),KB맑은하늘적금,12,2.65,3.45,금융감독원 금융상품통합비교공시
2026-09-16,우리은행,적금(자유적립),WON적금,12,3.20,3.40,금융감독원 금융상품통합비교공시
2026-09-16,토스뱅크,적금(자유적립),토스뱅크 자유 적금,12,2.50,3.00,금융감독원 금융상품통합비교공시
2026-09-17,카카오뱅크,정기예금,카카오뱅크 정기예금,6,3.40,3.40,금융감독원 금융상품통합비교공시
2026-09-17,케이뱅크,정기예금,코드K 정기예금,6,3.40,3.40,금융감독원 금융상품통합비교공시
2026-09-17,토스뱅크,정기예금,토스뱅크 먼저 이자 받는 정기예금,6,3.30,3.30,금융감독원 금융상품통합비교공시
2026-09-17,NH농협은행,정기예금,NH올원e예금,6,3.25,3.25,금융감독원 금융상품통합비교공시
2026-09-17,우리은행,정기예금,WON플러스예금,6,3.20,3.20,금융감독원 금융상품통합비교공시
2026-09-17,신한은행,정기예금,쏠편한 정기예금,6,2.50,3.15,금융감독원 금융상품통합비교공시
2026-09-17,KB국민은행,정기예금,KB Star 정기예금,6,2.35,3.15,금융감독원 금융상품통합비교공시
2026-09-17,하나은행,정기예금,하나의정기예금,6,2.25,3.20,금융감독원 금융상품통합비교공시
2026-09-17,케이뱅크,정기예금,코드K 정기예금,12,3.51,3.51,금융감독원 금융상품통합비교공시
2026-09-17,카카오뱅크,정기예금,카카오뱅크 정기예금,12,3.60,3.60,금융감독원 금융상품통합비교공시
2026-09-17,토스뱅크,정기예금,토스뱅크 먼저 이자 받는 정기예금,12,3.60,3.60,금융감독원 금융상품통합비교공시
2026-09-17,NH농협은행,정기예금,NH올원e예금,12,3.45,3.45,금융감독원 금융상품통합비교공시
2026-09-17,우리은행,정기예금,WON플러스예금,12,3.40,3.40,금융감독원 금융상품통합비교공시
2026-09-17,신한은행,정기예금,쏠편한 정기예금,12,2.55,3.40,금융감독원 금융상품통합비교공시
2026-09-17,KB국민은행,정기예금,KB Star 정기예금,12,2.40,3.40,금융감독원 금융상품통합비교공시
2026-09-17,하나은행,정기예금,하나의정기예금,12,2.30,3.30,금융감독원 금융상품통합비교공시
2026-09-17,케이뱅크,정기예금,코드K 정기예금,24,3.10,3.10,금융감독원 금융상품통합비교공시
2026-09-17,NH농협은행,정기예금,NH올원e예금,24,3.00,3.00,금융감독원 금융상품통합비교공시
2026-09-17,우리은행,정기예금,WON플러스예금,24,3.00,3.00,금융감독원 금융상품통합비교공시
2026-09-17,카카오뱅크,정기예금,카카오뱅크 정기예금,24,3.00,3.00,금융감독원 금융상품통합비교공시
2026-09-17,신한은행,정기예금,쏠편한 정기예금,24,2.60,3.00,금융감독원 금융상품통합비교공시
2026-09-17,KB국민은행,정기예금,KB Star 정기예금,24,2.40,3.00,금융감독원 금융상품통합비교공시
2026-09-17,하나은행,정기예금,하나의정기예금,24,2.30,2.70,금융감독원 금융상품통합비교공시
2026-09-17,신한은행,적금(자유적립),신한 알.쏠 적금,12,2.90,4.20,금융감독원 금융상품통합비교공시
2026-09-17,하나은행,적금(자유적립),주거래하나 월복리적금,12,2.95,3.95,금융감독원 금융상품통합비교공시
2026-09-17,카카오뱅크,적금(자유적립),카카오뱅크 자유적금,12,3.65,3.85,금융감독원 금융상품통합비교공시
2026-09-17,케이뱅크,적금(자유적립),코드K 자유적금,12,3.70,3.70,금융감독원 금융상품통합비교공시
2026-09-17,NH농협은행,적금(자유적립),NH내가Green초록세상적금,12,2.55,3.55,금융감독원 금융상품통합비교공시
2026-09-17,KB국민은행,적금(자유적립),KB맑은하늘적금,12,2.65,3.45,금융감독원 금융상품통합비교공시
2026-09-17,우리은행,적금(자유적립),WON적금,12,3.20,3.40,금융감독원 금융상품통합비교공시
2026-09-17,토스뱅크,적금(자유적립),토스뱅크 자유 적금,12,2.50,3.00,금융감독원 금융상품통합비교공시
2026-09-18,카카오뱅크,정기예금,카카오뱅크 정기예금,6,3.40,3.40,금융감독원 금융상품통합비교공시
2026-09-18,케이뱅크,정기예금,코드K 정기예금,6,3.40,3.40,금융감독원 금융상품통합비교공시
2026-09-18,토스뱅크,정기예금,토스뱅크 먼저 이자 받는 정기예금,6,3.30,3.30,금융감독원 금융상품통합비교공시
2026-09-18,NH농협은행,정기예금,NH올원e예금,6,3.25,3.25,금융감독원 금융상품통합비교공시
2026-09-18,우리은행,정기예금,WON플러스예금,6,3.20,3.20,금융감독원 금융상품통합비교공시
2026-09-18,신한은행,정기예금,쏠편한 정기예금,6,2.50,3.15,금융감독원 금융상품통합비교공시
2026-09-18,KB국민은행,정기예금,KB Star 정기예금,6,2.35,3.15,금융감독원 금융상품통합비교공시
2026-09-18,하나은행,정기예금,하나의정기예금,6,2.25,3.20,금융감독원 금융상품통합비교공시
2026-09-18,케이뱅크,정기예금,코드K 정기예금,12,3.61,3.61,금융감독원 금융상품통합비교공시
2026-09-18,카카오뱅크,정기예금,카카오뱅크 정기예금,12,3.60,3.60,금융감독원 금융상품통합비교공시
2026-09-18,토스뱅크,정기예금,토스뱅크 먼저 이자 받는 정기예금,12,3.60,3.60,금융감독원 금융상품통합비교공시
2026-09-18,NH농협은행,정기예금,NH올원e예금,12,3.45,3.45,금융감독원 금융상품통합비교공시
2026-09-18,우리은행,정기예금,WON플러스예금,12,3.40,3.40,금융감독원 금융상품통합비교공시
2026-09-18,신한은행,정기예금,쏠편한 정기예금,12,2.55,3.40,금융감독원 금융상품통합비교공시
2026-09-18,KB국민은행,정기예금,KB Star 정기예금,12,2.40,3.40,금융감독원 금융상품통합비교공시
2026-09-18,하나은행,정기예금,하나의정기예금,12,2.30,3.30,금융감독원 금융상품통합비교공시
2026-09-18,케이뱅크,정기예금,코드K 정기예금,24,3.10,3.10,금융감독원 금융상품통합비교공시
2026-09-18,NH농협은행,정기예금,NH올원e예금,24,3.00,3.00,금융감독원 금융상품통합비교공시
2026-09-18,우리은행,정기예금,WON플러스예금,24,3.00,3.00,금융감독원 금융상품통합비교공시
2026-09-18,카카오뱅크,정기예금,카카오뱅크 정기예금,24,3.00,3.00,금융감독원 금융상품통합비교공시
2026-09-18,신한은행,정기예금,쏠편한 정기예금,24,2.60,3.00,금융감독원 금융상품통합비교공시
2026-09-18,KB국민은행,정기예금,KB Star 정기예금,24,2.40,3.00,금융감독원 금융상품통합비교공시
2026-09-18,하나은행,정기예금,하나의정기예금,24,2.30,2.70,금융감독원 금융상품통합비교공시
2026-09-18,신한은행,적금(자유적립),신한 알.쏠 적금,12,2.90,4.20,금융감독원 금융상품통합비교공시
2026-09-18,하나은행,적금(자유적립),주거래하나 월복리적금,12,2.95,3.95,금융감독원 금융상품통합비교공시
2026-09-18,카카오뱅크,적금(자유적립),카카오뱅크 자유적금,12,3.65,3.85,금융감독원 금융상품통합비교공시
2026-09-18,케이뱅크,적금(자유적립),코드K 자유적금,12,3.70,3.70,금융감독원 금융상품통합비교공시
2026-09-18,NH농협은행,적금(자유적립),NH내가Green초록세상적금,12,2.55,3.55,금융감독원 금융상품통합비교공시
2026-09-18,KB국민은행,적금(자유적립),KB맑은하늘적금,12,2.65,3.45,금융감독원 금융상품통합비교공시
2026-09-18,우리은행,적금(자유적립),WON적금,12,3.20,3.40,금융감독원 금융상품통합비교공시
2026-09-18,토스뱅크,적금(자유적립),토스뱅크 자유 적금,12,2.50,3.00,금융감독원 금융상품통합비교공시
2026-09-21,카카오뱅크,정기예금,카카오뱅크 정기예금,6,3.40,3.40,금융감독원 금융상품통합비교공시
2026-09-21,케이뱅크,정기예금,코드K 정기예금,6,3.40,3.40,금융감독원 금융상품통합비교공시
2026-09-21,토스뱅크,정기예금,토스뱅크 먼저 이자 받는 정기예금,6,3.30,3.30,금융감독원 금융상품통합비교공시
2026-09-21,NH농협은행,정기예금,NH올원e예금,6,3.25,3.25,금융감독원 금융상품통합비교공시
2026-09-21,우리은행,정기예금,WON플러스예금,6,3.20,3.20,금융감독원 금융상품통합비교공시
2026-09-21,신한은행,정기예금,쏠편한 정기예금,6,2.50,3.15,금융감독원 금융상품통합비교공시
2026-09-21,KB국민은행,정기예금,KB Star 정기예금,6,2.35,3.15,금융감독원 금융상품통합비교공시
2026-09-21,하나은행,정기예금,하나의정기예금,6,2.25,3.20,금융감독원 금융상품통합비교공시
2026-09-21,케이뱅크,정기예금,코드K 정기예금,12,3.61,3.61,금융감독원 금융상품통합비교공시
2026-09-21,카카오뱅크,정기예금,카카오뱅크 정기예금,12,3.60,3.60,금융감독원 금융상품통합비교공시
2026-09-21,토스뱅크,정기예금,토스뱅크 먼저 이자 받는 정기예금,12,3.60,3.60,금융감독원 금융상품통합비교공시
2026-09-21,NH농협은행,정기예금,NH올원e예금,12,3.45,3.45,금융감독원 금융상품통합비교공시
2026-09-21,우리은행,정기예금,WON플러스예금,12,3.40,3.40,금융감독원 금융상품통합비교공시
2026-09-21,신한은행,정기예금,쏠편한 정기예금,12,2.55,3.40,금융감독원 금융상품통합비교공시
2026-09-21,KB국민은행,정기예금,KB Star 정기예금,12,2.40,3.40,금융감독원 금융상품통합비교공시
2026-09-21,하나은행,정기예금,하나의정기예금,12,2.30,3.30,금융감독원 금융상품통합비교공시
2026-09-21,케이뱅크,정기예금,코드K 정기예금,24,3.10,3.10,금융감독원 금융상품통합비교공시
2026-09-21,NH농협은행,정기예금,NH올원e예금,24,3.00,3.00,금융감독원 금융상품통합비교공시
2026-09-21,우리은행,정기예금,WON플러스예금,24,3.00,3.00,금융감독원 금융상품통합비교공시
2026-09-21,카카오뱅크,정기예금,카카오뱅크 정기예금,24,3.00,3.00,금융감독원 금융상품통합비교공시
2026-09-21,신한은행,정기예금,쏠편한 정기예금,24,2.60,3.00,금융감독원 금융상품통합비교공시
2026-09-21,KB국민은행,정기예금,KB Star 정기예금,24,2.40,3.00,금융감독원 금융상품통합비교공시
2026-09-21,하나은행,정기예금,하나의정기예금,24,2.30,2.70,금융감독원 금융상품통합비교공시
2026-09-21,신한은행,적금(자유적립),신한 알.쏠 적금,12,2.90,4.20,금융감독원 금융상품통합비교공시
2026-09-21,하나은행,적금(자유적립),주거래하나 월복리적금,12,2.95,3.95,금융감독원 금융상품통합비교공시
2026-09-21,카카오뱅크,적금(자유적립),카카오뱅크 자유적금,12,3.65,3.85,금융감독원 금융상품통합비교공시
2026-09-21,케이뱅크,적금(자유적립),코드K 자유적금,12,3.70,3.70,금융감독원 금융상품통합비교공시
2026-09-21,NH농협은행,적금(자유적립),NH내가Green초록세상적금,12,2.55,3.55,금융감독원 금융상품통합비교공시
2026-09-21,KB국민은행,적금(자유적립),KB맑은하늘적금,12,2.65,3.45,금융감독원 금융상품통합비교공시
2026-09-21,우리은행,적금(자유적립),WON적금,12,3.20,3.40,금융감독원 금융상품통합비교공시
2026-09-21,토스뱅크,적금(자유적립),토스뱅크 자유 적금,12,2.50,3.00,금융감독원 금융상품통합비교공시
