리뷰ID,작성일,채널,상품코드,상품명,사이즈,평점,리뷰유형,부정키워드,리뷰내용
RV00001,2026-06-01,네이버 브랜드스토어,SB-M-DFC-Q,딥플로우 컴포트 매트리스,Q,5,포토리뷰,,쿠폰까지 받아서 잘 샀어요
RV00002,2026-06-01,네이버 브랜드스토어,SB-T-ARB7-SS,올라운드 밸런스 토퍼 매트리스 7cm,SS,4,포토리뷰,,배송이랑 설치 다 깔끔했어요
RV00003,2026-06-01,자사몰,SB-F-BAU-G,바우 키즈 원목 가드형 데이베드 침대,SS,5,일반리뷰,,통기성 좋아서 여름에도 안 덥네요
RV00004,2026-06-01,네이버 브랜드스토어,SB-M-DFC-Q,딥플로우 컴포트 매트리스,Q,4,일반리뷰,,설치기사님 친절하셨습니다
RV00005,2026-06-01,네이버 브랜드스토어,SB-M-DFC-Q,딥플로우 컴포트 매트리스,Q,5,일반리뷰,,통기성 좋아서 여름에도 안 덥네요
RV00006,2026-06-01,오늘의집,SB-T-ARB5-Q,올라운드 밸런스 토퍼 매트리스 5cm,Q,3,일반리뷰,설치,설치기사님이 시간 안 지키셨어요
RV00007,2026-06-02,자사몰,SB-M-DFC-Q,딥플로우 컴포트 매트리스,Q,4,포토리뷰,,쿠폰까지 받아서 잘 샀어요
RV00008,2026-06-02,네이버 브랜드스토어,SB-T-NMX-SS,더 뉴 맥시멈 토퍼 매트리스,SS,1,일반리뷰,설치,설치 후 정리를 안 해주고 가셨습니다
RV00009,2026-06-02,네이버 브랜드스토어,SB-F-BAU-G,바우 키즈 원목 가드형 데이베드 침대,SS,3,포토리뷰,설치,설치 후 정리를 안 해주고 가셨습니다
RV00010,2026-06-02,네이버 브랜드스토어,SB-T-ARB7-Q,올라운드 밸런스 토퍼 매트리스 7cm,Q,5,일반리뷰,,포장 뜯을 때 냄새 거의 없었어요
RV00011,2026-06-02,네이버 브랜드스토어,SB-M-DFC-Q,딥플로우 컴포트 매트리스,Q,1,포토리뷰,설치,설치기사님이 시간 안 지키셨어요
RV00012,2026-06-02,쿠팡 로켓,SB-T-ARCP-Q,올라운드 컴포트 플러스 토퍼 매트리스,Q,5,포토리뷰,,생각보다 두툼하고 좋아요
RV00013,2026-06-02,쿠팡 로켓,SB-T-ARC-Q,올라운드 컴포트 토퍼 매트리스,Q,2,일반리뷰,설치,설치기사님이 시간 안 지키셨어요
RV00014,2026-06-03,오늘의집,SB-M-MFM-Q,미드나잇 풀문 매트리스,Q,5,일반리뷰,,토퍼만 바꿨는데 확실히 다르네요
RV00015,2026-06-03,자사몰,SB-T-ARB7-Q,올라운드 밸런스 토퍼 매트리스 7cm,Q,5,포토리뷰,,배송이랑 설치 다 깔끔했어요
RV00016,2026-06-03,네이버 브랜드스토어,SB-P-CLB,클라우드 버디 베개,단일,5,일반리뷰,,통기성 좋아서 여름에도 안 덥네요
RV00017,2026-06-03,쿠팡 로켓,SB-T-ARB5-Q,올라운드 밸런스 토퍼 매트리스 5cm,Q,5,일반리뷰,,토퍼만 바꿨는데 확실히 다르네요
RV00018,2026-06-03,네이버 브랜드스토어,SB-M-DFC-Q,딥플로우 컴포트 매트리스,Q,1,일반리뷰,설치,설치기사님이 시간 안 지키셨어요
RV00019,2026-06-03,쿠팡 로켓,SB-P-CLB,클라우드 버디 베개,단일,5,일반리뷰,,가격 대비 만족도 높습니다
RV00020,2026-06-03,쿠팡 로켓,SB-M-DFC-Q,딥플로우 컴포트 매트리스,Q,4,포토리뷰,,통기성 좋아서 여름에도 안 덥네요
RV00021,2026-06-03,네이버 브랜드스토어,SB-M-EVS-Q,이브닝 스타릿 매트리스,Q,5,일반리뷰,,배송이랑 설치 다 깔끔했어요
RV00022,2026-06-03,네이버 브랜드스토어,SB-MO-EVM-Q,이브닝 모션 매트리스,Q,5,일반리뷰,,매장에서 누워보고 샀는데 그대로예요
RV00023,2026-06-04,쿠팡 로켓,SB-M-EVR-S,이브닝 리버서블 매트리스,S,5,포토리뷰,,가격 대비 만족도 높습니다
RV00024,2026-06-04,오늘의집,SB-P-CLL,클라우드 LOW 경추 베개,단일,4,일반리뷰,,통기성 좋아서 여름에도 안 덥네요
RV00025,2026-06-04,오늘의집,SB-A-DPM,딥뮤트 수면안대,단일,5,일반리뷰,,아이 방에 놨는데 만족합니다
RV00026,2026-06-04,쿠팡 로켓,SB-M-MFM-K,미드나잇 풀문 매트리스,K,2,일반리뷰,커버,커버 지퍼가 뻑뻑합니다
RV00027,2026-06-04,네이버 브랜드스토어,SB-M-DFB-Q,딥플로우 밸런스 매트리스,Q,5,일반리뷰,,포장 뜯을 때 냄새 거의 없었어요
RV00028,2026-06-04,네이버 브랜드스토어,SB-T-NMX-Q,더 뉴 맥시멈 토퍼 매트리스,Q,5,일반리뷰,,남편도 저도 잘 자요
RV00029,2026-06-04,네이버 브랜드스토어,SB-P-CLB,클라우드 버디 베개,단일,5,일반리뷰,,아이 방에 놨는데 만족합니다
RV00030,2026-06-04,네이버 브랜드스토어,SB-A-DPM,딥뮤트 수면안대,단일,5,일반리뷰,,허리가 안 아파요 진짜 잘 삽니다
RV00031,2026-06-05,자사몰,SB-T-ARB5-SS,올라운드 밸런스 토퍼 매트리스 5cm,SS,2,일반리뷰,커버,커버 지퍼가 뻑뻑합니다
RV00032,2026-06-05,쿠팡 로켓,SB-T-ARB5-Q,올라운드 밸런스 토퍼 매트리스 5cm,Q,5,일반리뷰,,배송이랑 설치 다 깔끔했어요
RV00033,2026-06-05,네이버 브랜드스토어,SB-T-ARB5-SS,올라운드 밸런스 토퍼 매트리스 5cm,SS,4,일반리뷰,,토퍼만 바꿨는데 확실히 다르네요
RV00034,2026-06-05,네이버 브랜드스토어,SB-M-MFM-Q,미드나잇 풀문 매트리스,Q,5,일반리뷰,,라이브 보고 샀는데 후회 없어요
RV00035,2026-06-05,네이버 브랜드스토어,SB-M-EVR-SS,이브닝 리버서블 매트리스,SS,5,일반리뷰,,매장에서 누워보고 샀는데 그대로예요
RV00036,2026-06-05,오늘의집,SB-M-DFC-Q,딥플로우 컴포트 매트리스,Q,4,포토리뷰,,허리가 안 아파요 진짜 잘 삽니다
RV00037,2026-06-05,네이버 브랜드스토어,SB-F-BAU-G,바우 키즈 원목 가드형 데이베드 침대,SS,5,일반리뷰,,매장에서 누워보고 샀는데 그대로예요
RV00038,2026-06-05,쿠팡 로켓,SB-P-CLL,클라우드 LOW 경추 베개,단일,5,일반리뷰,,남편도 저도 잘 자요
RV00039,2026-06-06,쿠팡 로켓,SB-MO-EVM-SS,이브닝 모션 매트리스,SS,5,일반리뷰,,가격 대비 만족도 높습니다
RV00040,2026-06-06,오늘의집,SB-T-NMX-Q,더 뉴 맥시멈 토퍼 매트리스,Q,5,일반리뷰,,아이 방에 놨는데 만족합니다
RV00041,2026-06-06,오늘의집,SB-F-BAU-O,바우 키즈 원목 오픈형 데이베드 침대,SS,5,일반리뷰,,배송이랑 설치 다 깔끔했어요
RV00042,2026-06-06,네이버 브랜드스토어,SB-M-DFC-Q,딥플로우 컴포트 매트리스,Q,5,포토리뷰,,남편도 저도 잘 자요
RV00043,2026-06-06,오늘의집,SB-T-MAX-Q,맥시멈 토퍼 매트리스,Q,3,일반리뷰,냄새,개봉하고 나서 화학약품 냄새가 심했습니다
RV00044,2026-06-06,네이버 브랜드스토어,SB-A-DPM,딥뮤트 수면안대,단일,1,일반리뷰,커버,커버 지퍼가 뻑뻑합니다
RV00045,2026-06-06,자사몰,SB-M-DFC-Q,딥플로우 컴포트 매트리스,Q,5,일반리뷰,,토퍼만 바꿨는데 확실히 다르네요
RV00046,2026-06-06,쿠팡 로켓,SB-M-DFB-Q,딥플로우 밸런스 매트리스,Q,5,일반리뷰,,가격 대비 만족도 높습니다
RV00047,2026-06-06,네이버 브랜드스토어,SB-T-ARC-SS,올라운드 컴포트 토퍼 매트리스,SS,4,일반리뷰,,매장에서 누워보고 샀는데 그대로예요
RV00048,2026-06-06,네이버 브랜드스토어,SB-T-ARB5-Q,올라운드 밸런스 토퍼 매트리스 5cm,Q,5,포토리뷰,,아이 방에 놨는데 만족합니다
RV00049,2026-06-07,네이버 브랜드스토어,SB-M-DFC-Q,딥플로우 컴포트 매트리스,Q,5,포토리뷰,,포장 뜯을 때 냄새 거의 없었어요
RV00050,2026-06-07,쿠팡 로켓,SB-T-ARCP-Q,올라운드 컴포트 플러스 토퍼 매트리스,Q,3,포토리뷰,꺼짐,두 달 만에 가운데가 꺼졌어요
RV00051,2026-06-07,네이버 브랜드스토어,SB-P-CLL,클라우드 LOW 경추 베개,단일,5,포토리뷰,,생각보다 두툼하고 좋아요
RV00052,2026-06-07,네이버 브랜드스토어,SB-M-DFC-SS,딥플로우 컴포트 매트리스,SS,4,포토리뷰,,생각보다 두툼하고 좋아요
RV00053,2026-06-07,자사몰,SB-M-EVS-Q,이브닝 스타릿 매트리스,Q,5,일반리뷰,,가격 대비 만족도 높습니다
RV00054,2026-06-07,네이버 브랜드스토어,SB-M-EVR-Q,이브닝 리버서블 매트리스,Q,5,일반리뷰,,통기성 좋아서 여름에도 안 덥네요
RV00055,2026-06-07,오늘의집,SB-T-ARC-Q,올라운드 컴포트 토퍼 매트리스,Q,3,일반리뷰,배송지연,설치 날짜 잡는 데 계속 밀렸습니다
RV00056,2026-06-07,쿠팡 로켓,SB-P-CLL,클라우드 LOW 경추 베개,단일,4,일반리뷰,,설치기사님 친절하셨습니다
RV00057,2026-06-08,오늘의집,SB-T-NMX-Q,더 뉴 맥시멈 토퍼 매트리스,Q,5,일반리뷰,,포장 뜯을 때 냄새 거의 없었어요
RV00058,2026-06-08,네이버 브랜드스토어,SB-M-EVR-S,이브닝 리버서블 매트리스,S,4,일반리뷰,,배송이랑 설치 다 깔끔했어요
RV00059,2026-06-08,쿠팡 로켓,SB-P-CLB,클라우드 버디 베개,단일,5,일반리뷰,,허리가 안 아파요 진짜 잘 삽니다
RV00060,2026-06-08,네이버 브랜드스토어,SB-M-EVR-SS,이브닝 리버서블 매트리스,SS,5,포토리뷰,,가격 대비 만족도 높습니다
RV00061,2026-06-08,네이버 브랜드스토어,SB-M-DFC-SS,딥플로우 컴포트 매트리스,SS,5,일반리뷰,,쿠폰까지 받아서 잘 샀어요
RV00062,2026-06-08,쿠팡 로켓,SB-M-DFB-SS,딥플로우 밸런스 매트리스,SS,5,포토리뷰,,통기성 좋아서 여름에도 안 덥네요
RV00063,2026-06-08,쿠팡 로켓,SB-M-MFM-Q,미드나잇 풀문 매트리스,Q,5,일반리뷰,,토퍼만 바꿨는데 확실히 다르네요
RV00064,2026-06-08,네이버 브랜드스토어,SB-T-GRB-SS,그라운드 밸런스 토퍼 매트리스,SS,5,일반리뷰,,배송이랑 설치 다 깔끔했어요
RV00065,2026-06-08,오늘의집,SB-P-CLL,클라우드 LOW 경추 베개,단일,4,일반리뷰,,통기성 좋아서 여름에도 안 덥네요
RV00066,2026-06-08,오늘의집,SB-P-CLL,클라우드 LOW 경추 베개,단일,5,일반리뷰,,가격 대비 만족도 높습니다
RV00067,2026-06-09,오늘의집,SB-T-ARB5-SS,올라운드 밸런스 토퍼 매트리스 5cm,SS,1,일반리뷰,설치,설치기사님이 시간 안 지키셨어요
RV00068,2026-06-09,쿠팡 로켓,SB-M-EVS-K,이브닝 스타릿 매트리스,K,5,일반리뷰,,토퍼만 바꿨는데 확실히 다르네요
RV00069,2026-06-09,네이버 브랜드스토어,SB-M-DFB-Q,딥플로우 밸런스 매트리스,Q,2,일반리뷰,꺼짐,누운 자리가 눌린 채로 안 돌아옵니다
RV00070,2026-06-09,자사몰,SB-T-ARC-Q,올라운드 컴포트 토퍼 매트리스,Q,2,일반리뷰,냄새,새 제품 냄새가 며칠 갔어요
RV00071,2026-06-09,오늘의집,SB-M-DFC-SS,딥플로우 컴포트 매트리스,SS,4,포토리뷰,,쿠폰까지 받아서 잘 샀어요
RV00072,2026-06-09,네이버 브랜드스토어,SB-M-EVS-Q,이브닝 스타릿 매트리스,Q,4,일반리뷰,,쿠폰까지 받아서 잘 샀어요
RV00073,2026-06-09,네이버 브랜드스토어,SB-T-NMX-SS,더 뉴 맥시멈 토퍼 매트리스,SS,5,포토리뷰,,가격 대비 만족도 높습니다
RV00074,2026-06-09,네이버 브랜드스토어,SB-T-NMX-Q,더 뉴 맥시멈 토퍼 매트리스,Q,4,포토리뷰,,배송이랑 설치 다 깔끔했어요
RV00075,2026-06-09,네이버 브랜드스토어,SB-M-EVR-Q,이브닝 리버서블 매트리스,Q,3,일반리뷰,단단함,미디엄이라고 했는데 하드에 가깝습니다
RV00076,2026-06-09,쿠팡 로켓,SB-M-DFC-Q,딥플로우 컴포트 매트리스,Q,4,포토리뷰,,쿠폰까지 받아서 잘 샀어요
RV00077,2026-06-09,네이버 브랜드스토어,SB-T-ARB5-SS,올라운드 밸런스 토퍼 매트리스 5cm,SS,4,일반리뷰,,설치기사님 친절하셨습니다
RV00078,2026-06-10,쿠팡 로켓,SB-T-ARC-SS,올라운드 컴포트 토퍼 매트리스,SS,5,일반리뷰,,매장에서 누워보고 샀는데 그대로예요
RV00079,2026-06-10,네이버 브랜드스토어,SB-MO-EVM-Q,이브닝 모션 매트리스,Q,5,일반리뷰,,남편도 저도 잘 자요
RV00080,2026-06-10,쿠팡 로켓,SB-A-DPM,딥뮤트 수면안대,단일,5,일반리뷰,,라이브 보고 샀는데 후회 없어요
RV00081,2026-06-10,네이버 브랜드스토어,SB-M-EVR-SS,이브닝 리버서블 매트리스,SS,5,일반리뷰,,토퍼만 바꿨는데 확실히 다르네요
RV00082,2026-06-10,네이버 브랜드스토어,SB-T-ARC-Q,올라운드 컴포트 토퍼 매트리스,Q,4,일반리뷰,,가격 대비 만족도 높습니다
RV00083,2026-06-10,쿠팡 로켓,SB-T-MAX-SS,맥시멈 토퍼 매트리스,SS,1,일반리뷰,배송지연,배송이 예정일보다 일주일 늦었어요
RV00084,2026-06-10,네이버 브랜드스토어,SB-T-ARB7-Q,올라운드 밸런스 토퍼 매트리스 7cm,Q,4,일반리뷰,,토퍼만 바꿨는데 확실히 다르네요
RV00085,2026-06-10,오늘의집,SB-T-ARC-SS,올라운드 컴포트 토퍼 매트리스,SS,5,포토리뷰,,매장에서 누워보고 샀는데 그대로예요
RV00086,2026-06-10,네이버 브랜드스토어,SB-M-DFC-SS,딥플로우 컴포트 매트리스,SS,5,일반리뷰,,쿠폰까지 받아서 잘 샀어요
RV00087,2026-06-10,오늘의집,SB-T-GRB-SS,그라운드 밸런스 토퍼 매트리스,SS,4,포토리뷰,,설치기사님 친절하셨습니다
RV00088,2026-06-11,네이버 브랜드스토어,SB-P-CLB,클라우드 버디 베개,단일,5,포토리뷰,,생각보다 두툼하고 좋아요
RV00089,2026-06-11,네이버 브랜드스토어,SB-T-ARC-SS,올라운드 컴포트 토퍼 매트리스,SS,5,일반리뷰,,아이 방에 놨는데 만족합니다
RV00090,2026-06-11,쿠팡 로켓,SB-M-DFC-Q,딥플로우 컴포트 매트리스,Q,5,포토리뷰,,허리가 안 아파요 진짜 잘 삽니다
RV00091,2026-06-11,네이버 브랜드스토어,SB-P-CLL,클라우드 LOW 경추 베개,단일,3,일반리뷰,꺼짐,두 달 만에 가운데가 꺼졌어요
RV00092,2026-06-11,쿠팡 로켓,SB-P-CLL,클라우드 LOW 경추 베개,단일,4,일반리뷰,,설치기사님 친절하셨습니다
RV00093,2026-06-12,네이버 브랜드스토어,SB-T-ARC-Q,올라운드 컴포트 토퍼 매트리스,Q,5,포토리뷰,,매장에서 누워보고 샀는데 그대로예요
RV00094,2026-06-12,네이버 브랜드스토어,SB-F-BAU-G,바우 키즈 원목 가드형 데이베드 침대,SS,4,일반리뷰,,쿠폰까지 받아서 잘 샀어요
RV00095,2026-06-12,네이버 브랜드스토어,SB-T-ARB7-Q,올라운드 밸런스 토퍼 매트리스 7cm,Q,4,일반리뷰,,생각보다 두툼하고 좋아요
RV00096,2026-06-12,네이버 브랜드스토어,SB-M-EVR-Q,이브닝 리버서블 매트리스,Q,4,일반리뷰,,생각보다 두툼하고 좋아요
RV00097,2026-06-12,쿠팡 로켓,SB-MO-MBL-SS,모션 밸런스드 매트리스,SS,4,일반리뷰,,허리가 안 아파요 진짜 잘 삽니다
RV00098,2026-06-12,네이버 브랜드스토어,SB-A-DPM,딥뮤트 수면안대,단일,4,일반리뷰,,남편도 저도 잘 자요
RV00099,2026-06-12,자사몰,SB-T-ARB5-SS,올라운드 밸런스 토퍼 매트리스 5cm,SS,5,일반리뷰,,쿠폰까지 받아서 잘 샀어요
RV00100,2026-06-12,자사몰,SB-M-EVR-Q,이브닝 리버서블 매트리스,Q,1,일반리뷰,설치,설치 후 정리를 안 해주고 가셨습니다
RV00101,2026-06-12,네이버 브랜드스토어,SB-P-CLL,클라우드 LOW 경추 베개,단일,2,일반리뷰,단단함,생각보다 너무 딱딱해요
RV00102,2026-06-13,네이버 브랜드스토어,SB-T-ARC-Q,올라운드 컴포트 토퍼 매트리스,Q,4,포토리뷰,,매장에서 누워보고 샀는데 그대로예요
RV00103,2026-06-13,네이버 브랜드스토어,SB-T-NMX-SS,더 뉴 맥시멈 토퍼 매트리스,SS,5,일반리뷰,,생각보다 두툼하고 좋아요
RV00104,2026-06-13,네이버 브랜드스토어,SB-M-EVR-SS,이브닝 리버서블 매트리스,SS,5,일반리뷰,,토퍼만 바꿨는데 확실히 다르네요
RV00105,2026-06-13,네이버 브랜드스토어,SB-T-GRB-SS,그라운드 밸런스 토퍼 매트리스,SS,5,일반리뷰,,가격 대비 만족도 높습니다
RV00106,2026-06-13,오늘의집,SB-P-CLL,클라우드 LOW 경추 베개,단일,1,일반리뷰,커버,커버 지퍼가 뻑뻑합니다
RV00107,2026-06-13,오늘의집,SB-T-ARB7-SS,올라운드 밸런스 토퍼 매트리스 7cm,SS,2,포토리뷰,설치,설치 후 정리를 안 해주고 가셨습니다
RV00108,2026-06-13,네이버 브랜드스토어,SB-T-ARB7-SS,올라운드 밸런스 토퍼 매트리스 7cm,SS,3,일반리뷰,단단함,미디엄이라고 했는데 하드에 가깝습니다
RV00109,2026-06-13,네이버 브랜드스토어,SB-M-DFC-SS,딥플로우 컴포트 매트리스,SS,5,일반리뷰,,통기성 좋아서 여름에도 안 덥네요
RV00110,2026-06-13,네이버 브랜드스토어,SB-P-CLL,클라우드 LOW 경추 베개,단일,4,포토리뷰,,배송이랑 설치 다 깔끔했어요
RV00111,2026-06-14,오늘의집,SB-T-ARC-Q,올라운드 컴포트 토퍼 매트리스,Q,5,일반리뷰,,쿠폰까지 받아서 잘 샀어요
RV00112,2026-06-14,자사몰,SB-M-DFB-SS,딥플로우 밸런스 매트리스,SS,5,포토리뷰,,매장에서 누워보고 샀는데 그대로예요
RV00113,2026-06-14,쿠팡 로켓,SB-T-ARB7-Q,올라운드 밸런스 토퍼 매트리스 7cm,Q,4,일반리뷰,,쿠폰까지 받아서 잘 샀어요
RV00114,2026-06-14,오늘의집,SB-T-NMX-Q,더 뉴 맥시멈 토퍼 매트리스,Q,5,일반리뷰,,가격 대비 만족도 높습니다
RV00115,2026-06-14,쿠팡 로켓,SB-T-NMX-Q,더 뉴 맥시멈 토퍼 매트리스,Q,5,일반리뷰,,포장 뜯을 때 냄새 거의 없었어요
RV00116,2026-06-14,네이버 브랜드스토어,SB-M-ORG-Q,오리지널 매트리스 미디엄 소프트,Q,5,일반리뷰,,아이 방에 놨는데 만족합니다
RV00117,2026-06-14,네이버 브랜드스토어,SB-T-ARB7-Q,올라운드 밸런스 토퍼 매트리스 7cm,Q,5,일반리뷰,,토퍼만 바꿨는데 확실히 다르네요
RV00118,2026-06-14,네이버 브랜드스토어,SB-T-ARC-SS,올라운드 컴포트 토퍼 매트리스,SS,5,포토리뷰,,배송이랑 설치 다 깔끔했어요
RV00119,2026-06-15,자사몰,SB-F-AMD-K,아몬드 무헤드형 침대,K,5,일반리뷰,,포장 뜯을 때 냄새 거의 없었어요
RV00120,2026-06-15,오늘의집,SB-P-CLL,클라우드 LOW 경추 베개,단일,5,일반리뷰,,가격 대비 만족도 높습니다
RV00121,2026-06-15,네이버 브랜드스토어,SB-P-CLL,클라우드 LOW 경추 베개,단일,5,포토리뷰,,허리가 안 아파요 진짜 잘 삽니다
RV00122,2026-06-15,네이버 브랜드스토어,SB-T-ARB7-Q,올라운드 밸런스 토퍼 매트리스 7cm,Q,4,일반리뷰,,가격 대비 만족도 높습니다
RV00123,2026-06-15,쿠팡 로켓,SB-A-DPM,딥뮤트 수면안대,단일,4,일반리뷰,,설치기사님 친절하셨습니다
RV00124,2026-06-15,네이버 브랜드스토어,SB-M-DFC-Q,딥플로우 컴포트 매트리스,Q,5,일반리뷰,,통기성 좋아서 여름에도 안 덥네요
RV00125,2026-06-15,쿠팡 로켓,SB-T-ARC-SS,올라운드 컴포트 토퍼 매트리스,SS,4,일반리뷰,,아이 방에 놨는데 만족합니다
RV00126,2026-06-15,쿠팡 로켓,SB-F-BAU-G,바우 키즈 원목 가드형 데이베드 침대,SS,5,일반리뷰,,배송이랑 설치 다 깔끔했어요
RV00127,2026-06-15,자사몰,SB-A-DPM,딥뮤트 수면안대,단일,5,일반리뷰,,설치기사님 친절하셨습니다
RV00128,2026-06-15,오늘의집,SB-P-CLL,클라우드 LOW 경추 베개,단일,4,일반리뷰,,포장 뜯을 때 냄새 거의 없었어요
RV00129,2026-06-16,네이버 브랜드스토어,SB-T-ARB5-Q,올라운드 밸런스 토퍼 매트리스 5cm,Q,4,포토리뷰,,남편도 저도 잘 자요
RV00130,2026-06-16,자사몰,SB-T-ARB7-Q,올라운드 밸런스 토퍼 매트리스 7cm,Q,4,포토리뷰,,아이 방에 놨는데 만족합니다
RV00131,2026-06-16,네이버 브랜드스토어,SB-T-ARB7-Q,올라운드 밸런스 토퍼 매트리스 7cm,Q,4,일반리뷰,,남편도 저도 잘 자요
RV00132,2026-06-16,네이버 브랜드스토어,SB-M-ORG-SS,오리지널 매트리스 미디엄 소프트,SS,5,일반리뷰,,설치기사님 친절하셨습니다
RV00133,2026-06-16,오늘의집,SB-P-CLB,클라우드 버디 베개,단일,5,일반리뷰,,가격 대비 만족도 높습니다
RV00134,2026-06-16,네이버 브랜드스토어,SB-M-EVS-Q,이브닝 스타릿 매트리스,Q,5,일반리뷰,,생각보다 두툼하고 좋아요
RV00135,2026-06-17,네이버 브랜드스토어,SB-T-ARB7-SS,올라운드 밸런스 토퍼 매트리스 7cm,SS,5,일반리뷰,,배송이랑 설치 다 깔끔했어요
RV00136,2026-06-17,네이버 브랜드스토어,SB-M-DFC-SS,딥플로우 컴포트 매트리스,SS,4,일반리뷰,,토퍼만 바꿨는데 확실히 다르네요
RV00137,2026-06-17,네이버 브랜드스토어,SB-T-NMX-SS,더 뉴 맥시멈 토퍼 매트리스,SS,5,일반리뷰,,생각보다 두툼하고 좋아요
RV00138,2026-06-17,자사몰,SB-P-CLL,클라우드 LOW 경추 베개,단일,5,포토리뷰,,남편도 저도 잘 자요
RV00139,2026-06-17,네이버 브랜드스토어,SB-T-ARB5-Q,올라운드 밸런스 토퍼 매트리스 5cm,Q,4,일반리뷰,,허리가 안 아파요 진짜 잘 삽니다
RV00140,2026-06-17,네이버 브랜드스토어,SB-M-DFC-SS,딥플로우 컴포트 매트리스,SS,5,일반리뷰,,포장 뜯을 때 냄새 거의 없었어요
RV00141,2026-06-17,오늘의집,SB-T-ARB7-SS,올라운드 밸런스 토퍼 매트리스 7cm,SS,5,포토리뷰,,배송이랑 설치 다 깔끔했어요
RV00142,2026-06-17,네이버 브랜드스토어,SB-M-EVR-SS,이브닝 리버서블 매트리스,SS,3,일반리뷰,설치,설치 후 정리를 안 해주고 가셨습니다
RV00143,2026-06-17,자사몰,SB-T-ARB7-Q,올라운드 밸런스 토퍼 매트리스 7cm,Q,5,일반리뷰,,라이브 보고 샀는데 후회 없어요
RV00144,2026-06-17,오늘의집,SB-P-CLL,클라우드 LOW 경추 베개,단일,4,일반리뷰,,쿠폰까지 받아서 잘 샀어요
RV00145,2026-06-17,네이버 브랜드스토어,SB-P-CLB,클라우드 버디 베개,단일,3,일반리뷰,냄새,개봉하고 나서 화학약품 냄새가 심했습니다
RV00146,2026-06-18,네이버 브랜드스토어,SB-T-ARB7-Q,올라운드 밸런스 토퍼 매트리스 7cm,Q,5,일반리뷰,,허리가 안 아파요 진짜 잘 삽니다
RV00147,2026-06-18,쿠팡 로켓,SB-M-EVR-SS,이브닝 리버서블 매트리스,SS,5,일반리뷰,,아이 방에 놨는데 만족합니다
RV00148,2026-06-18,쿠팡 로켓,SB-T-ARC-Q,올라운드 컴포트 토퍼 매트리스,Q,5,일반리뷰,,생각보다 두툼하고 좋아요
RV00149,2026-06-18,네이버 브랜드스토어,SB-M-MFM-Q,미드나잇 풀문 매트리스,Q,4,일반리뷰,,통기성 좋아서 여름에도 안 덥네요
RV00150,2026-06-18,네이버 브랜드스토어,SB-T-ARB5-Q,올라운드 밸런스 토퍼 매트리스 5cm,Q,5,일반리뷰,,아이 방에 놨는데 만족합니다
RV00151,2026-06-18,오늘의집,SB-F-AMD-KK,아몬드 무헤드형 침대,KK,5,일반리뷰,,통기성 좋아서 여름에도 안 덥네요
RV00152,2026-06-18,네이버 브랜드스토어,SB-T-ARB5-Q,올라운드 밸런스 토퍼 매트리스 5cm,Q,4,일반리뷰,,배송이랑 설치 다 깔끔했어요
RV00153,2026-06-18,네이버 브랜드스토어,SB-P-CLL,클라우드 LOW 경추 베개,단일,5,포토리뷰,,허리가 안 아파요 진짜 잘 삽니다
RV00154,2026-06-18,네이버 브랜드스토어,SB-T-ARB5-Q,올라운드 밸런스 토퍼 매트리스 5cm,Q,5,일반리뷰,,쿠폰까지 받아서 잘 샀어요
RV00155,2026-06-18,네이버 브랜드스토어,SB-M-ORG-Q,오리지널 매트리스 미디엄 소프트,Q,5,포토리뷰,,생각보다 두툼하고 좋아요
RV00156,2026-06-18,자사몰,SB-T-ARB5-SS,올라운드 밸런스 토퍼 매트리스 5cm,SS,5,포토리뷰,,포장 뜯을 때 냄새 거의 없었어요
RV00157,2026-06-19,네이버 브랜드스토어,SB-M-EVR-SS,이브닝 리버서블 매트리스,SS,2,일반리뷰,배송지연,배송이 예정일보다 일주일 늦었어요
RV00158,2026-06-19,네이버 브랜드스토어,SB-T-GRB-SS,그라운드 밸런스 토퍼 매트리스,SS,4,포토리뷰,,허리가 안 아파요 진짜 잘 삽니다
RV00159,2026-06-19,오늘의집,SB-T-ARB5-SS,올라운드 밸런스 토퍼 매트리스 5cm,SS,5,포토리뷰,,매장에서 누워보고 샀는데 그대로예요
RV00160,2026-06-19,네이버 브랜드스토어,SB-M-ORG-Q,오리지널 매트리스 미디엄 소프트,Q,4,일반리뷰,,남편도 저도 잘 자요
RV00161,2026-06-19,쿠팡 로켓,SB-T-ARCP-Q,올라운드 컴포트 플러스 토퍼 매트리스,Q,5,포토리뷰,,토퍼만 바꿨는데 확실히 다르네요
RV00162,2026-06-19,자사몰,SB-T-NMX-SS,더 뉴 맥시멈 토퍼 매트리스,SS,5,포토리뷰,,쿠폰까지 받아서 잘 샀어요
RV00163,2026-06-20,네이버 브랜드스토어,SB-P-CLL,클라우드 LOW 경추 베개,단일,2,포토리뷰,단단함,생각보다 너무 딱딱해요
RV00164,2026-06-20,네이버 브랜드스토어,SB-T-ARC-Q,올라운드 컴포트 토퍼 매트리스,Q,4,일반리뷰,,배송이랑 설치 다 깔끔했어요
RV00165,2026-06-20,네이버 브랜드스토어,SB-F-BAU-G,바우 키즈 원목 가드형 데이베드 침대,SS,5,일반리뷰,,가격 대비 만족도 높습니다
RV00166,2026-06-20,네이버 브랜드스토어,SB-M-DFC-Q,딥플로우 컴포트 매트리스,Q,2,일반리뷰,단단함,생각보다 너무 딱딱해요
RV00167,2026-06-20,네이버 브랜드스토어,SB-M-DFC-Q,딥플로우 컴포트 매트리스,Q,3,일반리뷰,설치,설치기사님이 시간 안 지키셨어요
RV00168,2026-06-20,오늘의집,SB-M-DFC-Q,딥플로우 컴포트 매트리스,Q,5,일반리뷰,,남편도 저도 잘 자요
RV00169,2026-06-20,오늘의집,SB-M-EVS-Q,이브닝 스타릿 매트리스,Q,5,포토리뷰,,쿠폰까지 받아서 잘 샀어요
RV00170,2026-06-20,네이버 브랜드스토어,SB-T-ARB5-Q,올라운드 밸런스 토퍼 매트리스 5cm,Q,5,일반리뷰,,쿠폰까지 받아서 잘 샀어요
RV00171,2026-06-20,네이버 브랜드스토어,SB-T-NMX-SS,더 뉴 맥시멈 토퍼 매트리스,SS,4,일반리뷰,,포장 뜯을 때 냄새 거의 없었어요
RV00172,2026-06-20,네이버 브랜드스토어,SB-T-MAX-Q,맥시멈 토퍼 매트리스,Q,5,일반리뷰,,쿠폰까지 받아서 잘 샀어요
RV00173,2026-06-21,자사몰,SB-T-ARB5-SS,올라운드 밸런스 토퍼 매트리스 5cm,SS,5,일반리뷰,,라이브 보고 샀는데 후회 없어요
RV00174,2026-06-21,쿠팡 로켓,SB-M-DFC-Q,딥플로우 컴포트 매트리스,Q,5,포토리뷰,,쿠폰까지 받아서 잘 샀어요
RV00175,2026-06-21,오늘의집,SB-T-MAX-Q,맥시멈 토퍼 매트리스,Q,2,일반리뷰,배송지연,배송이 예정일보다 일주일 늦었어요
RV00176,2026-06-21,네이버 브랜드스토어,SB-T-ARC-SS,올라운드 컴포트 토퍼 매트리스,SS,5,포토리뷰,,허리가 안 아파요 진짜 잘 삽니다
RV00177,2026-06-21,쿠팡 로켓,SB-MO-EVM-Q,이브닝 모션 매트리스,Q,4,포토리뷰,,매장에서 누워보고 샀는데 그대로예요
RV00178,2026-06-22,쿠팡 로켓,SB-T-NMX-Q,더 뉴 맥시멈 토퍼 매트리스,Q,5,일반리뷰,,설치기사님 친절하셨습니다
RV00179,2026-06-22,쿠팡 로켓,SB-T-ARC-SS,올라운드 컴포트 토퍼 매트리스,SS,4,포토리뷰,,라이브 보고 샀는데 후회 없어요
RV00180,2026-06-22,네이버 브랜드스토어,SB-T-ARCP-Q,올라운드 컴포트 플러스 토퍼 매트리스,Q,5,포토리뷰,,통기성 좋아서 여름에도 안 덥네요
RV00181,2026-06-22,네이버 브랜드스토어,SB-T-ARB7-SS,올라운드 밸런스 토퍼 매트리스 7cm,SS,3,일반리뷰,꺼짐,두 달 만에 가운데가 꺼졌어요
RV00182,2026-06-22,네이버 브랜드스토어,SB-P-CLL,클라우드 LOW 경추 베개,단일,5,포토리뷰,,토퍼만 바꿨는데 확실히 다르네요
RV00183,2026-06-22,쿠팡 로켓,SB-M-EVS-Q,이브닝 스타릿 매트리스,Q,5,일반리뷰,,가격 대비 만족도 높습니다
RV00184,2026-06-22,네이버 브랜드스토어,SB-M-DFB-SS,딥플로우 밸런스 매트리스,SS,5,일반리뷰,,남편도 저도 잘 자요
RV00185,2026-06-22,오늘의집,SB-M-MFM-Q,미드나잇 풀문 매트리스,Q,5,포토리뷰,,포장 뜯을 때 냄새 거의 없었어요
RV00186,2026-06-23,오늘의집,SB-M-DFC-Q,딥플로우 컴포트 매트리스,Q,2,포토리뷰,꺼짐,두 달 만에 가운데가 꺼졌어요
RV00187,2026-06-23,오늘의집,SB-M-DFB-SS,딥플로우 밸런스 매트리스,SS,2,포토리뷰,배송지연,배송이 예정일보다 일주일 늦었어요
RV00188,2026-06-23,네이버 브랜드스토어,SB-F-BAU-G,바우 키즈 원목 가드형 데이베드 침대,SS,5,일반리뷰,,생각보다 두툼하고 좋아요
RV00189,2026-06-23,네이버 브랜드스토어,SB-P-CLL,클라우드 LOW 경추 베개,단일,5,포토리뷰,,아이 방에 놨는데 만족합니다
RV00190,2026-06-23,오늘의집,SB-M-DFB-Q,딥플로우 밸런스 매트리스,Q,5,포토리뷰,,포장 뜯을 때 냄새 거의 없었어요
RV00191,2026-06-24,네이버 브랜드스토어,SB-M-DFB-SS,딥플로우 밸런스 매트리스,SS,5,일반리뷰,,포장 뜯을 때 냄새 거의 없었어요
RV00192,2026-06-24,네이버 브랜드스토어,SB-T-ARB7-SS,올라운드 밸런스 토퍼 매트리스 7cm,SS,5,일반리뷰,,생각보다 두툼하고 좋아요
RV00193,2026-06-24,쿠팡 로켓,SB-M-DFC-Q,딥플로우 컴포트 매트리스,Q,4,일반리뷰,,포장 뜯을 때 냄새 거의 없었어요
RV00194,2026-06-24,쿠팡 로켓,SB-T-ARB5-Q,올라운드 밸런스 토퍼 매트리스 5cm,Q,5,일반리뷰,,통기성 좋아서 여름에도 안 덥네요
RV00195,2026-06-24,네이버 브랜드스토어,SB-A-DPM,딥뮤트 수면안대,단일,5,포토리뷰,,설치기사님 친절하셨습니다
RV00196,2026-06-24,네이버 브랜드스토어,SB-M-EVR-Q,이브닝 리버서블 매트리스,Q,1,포토리뷰,설치,설치 후 정리를 안 해주고 가셨습니다
RV00197,2026-06-24,쿠팡 로켓,SB-M-EVS-K,이브닝 스타릿 매트리스,K,5,일반리뷰,,쿠폰까지 받아서 잘 샀어요
RV00198,2026-06-24,오늘의집,SB-MO-EVM-Q,이브닝 모션 매트리스,Q,5,일반리뷰,,가격 대비 만족도 높습니다
RV00199,2026-06-25,오늘의집,SB-T-NMX-Q,더 뉴 맥시멈 토퍼 매트리스,Q,5,포토리뷰,,가격 대비 만족도 높습니다
RV00200,2026-06-25,자사몰,SB-M-DFC-Q,딥플로우 컴포트 매트리스,Q,5,일반리뷰,,허리가 안 아파요 진짜 잘 삽니다
RV00201,2026-06-25,오늘의집,SB-P-CLB,클라우드 버디 베개,단일,5,일반리뷰,,남편도 저도 잘 자요
RV00202,2026-06-25,오늘의집,SB-T-NMX-Q,더 뉴 맥시멈 토퍼 매트리스,Q,5,포토리뷰,,생각보다 두툼하고 좋아요
RV00203,2026-06-25,오늘의집,SB-T-ARB5-SS,올라운드 밸런스 토퍼 매트리스 5cm,SS,5,일반리뷰,,허리가 안 아파요 진짜 잘 삽니다
RV00204,2026-06-25,네이버 브랜드스토어,SB-A-DPM,딥뮤트 수면안대,단일,4,일반리뷰,,아이 방에 놨는데 만족합니다
RV00205,2026-06-25,네이버 브랜드스토어,SB-T-ARB7-Q,올라운드 밸런스 토퍼 매트리스 7cm,Q,5,포토리뷰,,가격 대비 만족도 높습니다
RV00206,2026-06-26,쿠팡 로켓,SB-M-EVR-Q,이브닝 리버서블 매트리스,Q,5,일반리뷰,,토퍼만 바꿨는데 확실히 다르네요
RV00207,2026-06-26,네이버 브랜드스토어,SB-P-CLL,클라우드 LOW 경추 베개,단일,2,일반리뷰,배송지연,설치 날짜 잡는 데 계속 밀렸습니다
RV00208,2026-06-26,네이버 브랜드스토어,SB-M-MFM-K,미드나잇 풀문 매트리스,K,4,일반리뷰,,생각보다 두툼하고 좋아요
RV00209,2026-06-26,네이버 브랜드스토어,SB-F-AMD-K,아몬드 무헤드형 침대,K,4,포토리뷰,,설치기사님 친절하셨습니다
RV00210,2026-06-26,오늘의집,SB-M-DFB-SS,딥플로우 밸런스 매트리스,SS,5,일반리뷰,,허리가 안 아파요 진짜 잘 삽니다
RV00211,2026-06-26,네이버 브랜드스토어,SB-T-ARB5-Q,올라운드 밸런스 토퍼 매트리스 5cm,Q,5,일반리뷰,,포장 뜯을 때 냄새 거의 없었어요
RV00212,2026-06-26,네이버 브랜드스토어,SB-T-ARB5-SS,올라운드 밸런스 토퍼 매트리스 5cm,SS,5,일반리뷰,,아이 방에 놨는데 만족합니다
RV00213,2026-06-27,자사몰,SB-T-ARC-Q,올라운드 컴포트 토퍼 매트리스,Q,5,포토리뷰,,쿠폰까지 받아서 잘 샀어요
RV00214,2026-06-27,네이버 브랜드스토어,SB-MO-EVM-SS,이브닝 모션 매트리스,SS,5,일반리뷰,,포장 뜯을 때 냄새 거의 없었어요
RV00215,2026-06-27,네이버 브랜드스토어,SB-M-DFC-SS,딥플로우 컴포트 매트리스,SS,5,일반리뷰,,쿠폰까지 받아서 잘 샀어요
RV00216,2026-06-27,자사몰,SB-T-ARB5-Q,올라운드 밸런스 토퍼 매트리스 5cm,Q,5,일반리뷰,,배송이랑 설치 다 깔끔했어요
RV00217,2026-06-27,네이버 브랜드스토어,SB-T-ARC-SS,올라운드 컴포트 토퍼 매트리스,SS,4,일반리뷰,,라이브 보고 샀는데 후회 없어요
RV00218,2026-06-27,네이버 브랜드스토어,SB-T-ARB7-Q,올라운드 밸런스 토퍼 매트리스 7cm,Q,5,일반리뷰,,매장에서 누워보고 샀는데 그대로예요
RV00219,2026-06-27,네이버 브랜드스토어,SB-T-ARC-Q,올라운드 컴포트 토퍼 매트리스,Q,4,포토리뷰,,포장 뜯을 때 냄새 거의 없었어요
RV00220,2026-06-28,네이버 브랜드스토어,SB-T-NMX-Q,더 뉴 맥시멈 토퍼 매트리스,Q,4,포토리뷰,,라이브 보고 샀는데 후회 없어요
RV00221,2026-06-28,네이버 브랜드스토어,SB-M-EVR-Q,이브닝 리버서블 매트리스,Q,5,일반리뷰,,매장에서 누워보고 샀는데 그대로예요
RV00222,2026-06-28,네이버 브랜드스토어,SB-T-ARCP-Q,올라운드 컴포트 플러스 토퍼 매트리스,Q,5,일반리뷰,,통기성 좋아서 여름에도 안 덥네요
RV00223,2026-06-28,쿠팡 로켓,SB-F-BAU-G,바우 키즈 원목 가드형 데이베드 침대,SS,4,포토리뷰,,포장 뜯을 때 냄새 거의 없었어요
RV00224,2026-06-28,네이버 브랜드스토어,SB-T-ARC-Q,올라운드 컴포트 토퍼 매트리스,Q,5,일반리뷰,,토퍼만 바꿨는데 확실히 다르네요
RV00225,2026-06-29,오늘의집,SB-M-DFC-Q,딥플로우 컴포트 매트리스,Q,5,일반리뷰,,포장 뜯을 때 냄새 거의 없었어요
RV00226,2026-06-29,네이버 브랜드스토어,SB-M-EVS-Q,이브닝 스타릿 매트리스,Q,4,포토리뷰,,포장 뜯을 때 냄새 거의 없었어요
RV00227,2026-06-29,네이버 브랜드스토어,SB-T-ARB5-SS,올라운드 밸런스 토퍼 매트리스 5cm,SS,4,일반리뷰,,설치기사님 친절하셨습니다
RV00228,2026-06-29,자사몰,SB-M-DFC-Q,딥플로우 컴포트 매트리스,Q,5,일반리뷰,,라이브 보고 샀는데 후회 없어요
RV00229,2026-06-29,오늘의집,SB-P-CLB,클라우드 버디 베개,단일,5,일반리뷰,,라이브 보고 샀는데 후회 없어요
RV00230,2026-06-29,네이버 브랜드스토어,SB-P-CLL,클라우드 LOW 경추 베개,단일,5,포토리뷰,,라이브 보고 샀는데 후회 없어요
RV00231,2026-06-30,네이버 브랜드스토어,SB-M-EVR-SS,이브닝 리버서블 매트리스,SS,5,일반리뷰,,라이브 보고 샀는데 후회 없어요
RV00232,2026-06-30,네이버 브랜드스토어,SB-T-ARB5-Q,올라운드 밸런스 토퍼 매트리스 5cm,Q,3,일반리뷰,커버,커버 세탁 후 수축이 있었어요
RV00233,2026-06-30,오늘의집,SB-T-ARC-Q,올라운드 컴포트 토퍼 매트리스,Q,5,일반리뷰,,아이 방에 놨는데 만족합니다
RV00234,2026-06-30,네이버 브랜드스토어,SB-P-CLL,클라우드 LOW 경추 베개,단일,4,일반리뷰,,포장 뜯을 때 냄새 거의 없었어요
RV00235,2026-06-30,네이버 브랜드스토어,SB-M-DFC-Q,딥플로우 컴포트 매트리스,Q,2,일반리뷰,배송지연,설치 날짜 잡는 데 계속 밀렸습니다
RV00236,2026-06-30,쿠팡 로켓,SB-T-ARC-Q,올라운드 컴포트 토퍼 매트리스,Q,5,포토리뷰,,매장에서 누워보고 샀는데 그대로예요
RV00237,2026-06-30,쿠팡 로켓,SB-T-ARB7-SS,올라운드 밸런스 토퍼 매트리스 7cm,SS,5,포토리뷰,,통기성 좋아서 여름에도 안 덥네요
RV00238,2026-06-30,네이버 브랜드스토어,SB-T-ARB5-SS,올라운드 밸런스 토퍼 매트리스 5cm,SS,4,일반리뷰,,아이 방에 놨는데 만족합니다
RV00239,2026-07-01,쿠팡 로켓,SB-T-ARB5-Q,올라운드 밸런스 토퍼 매트리스 5cm,Q,5,일반리뷰,,쿠폰까지 받아서 잘 샀어요
RV00240,2026-07-01,네이버 브랜드스토어,SB-P-CLL,클라우드 LOW 경추 베개,단일,1,포토리뷰,배송지연,배송이 예정일보다 일주일 늦었어요
RV00241,2026-07-01,오늘의집,SB-M-DFC-Q,딥플로우 컴포트 매트리스,Q,5,포토리뷰,,배송이랑 설치 다 깔끔했어요
RV00242,2026-07-01,네이버 브랜드스토어,SB-MO-EVM-Q,이브닝 모션 매트리스,Q,5,일반리뷰,,허리가 안 아파요 진짜 잘 삽니다
RV00243,2026-07-01,쿠팡 로켓,SB-T-NMX-Q,더 뉴 맥시멈 토퍼 매트리스,Q,5,일반리뷰,,배송이랑 설치 다 깔끔했어요
RV00244,2026-07-01,쿠팡 로켓,SB-F-AMD-K,아몬드 무헤드형 침대,K,5,일반리뷰,,허리가 안 아파요 진짜 잘 삽니다
RV00245,2026-07-01,네이버 브랜드스토어,SB-M-DFC-SS,딥플로우 컴포트 매트리스,SS,5,일반리뷰,,남편도 저도 잘 자요
RV00246,2026-07-01,오늘의집,SB-F-BAU-G,바우 키즈 원목 가드형 데이베드 침대,SS,4,포토리뷰,,아이 방에 놨는데 만족합니다
RV00247,2026-07-01,네이버 브랜드스토어,SB-A-DPM,딥뮤트 수면안대,단일,4,포토리뷰,,포장 뜯을 때 냄새 거의 없었어요
RV00248,2026-07-02,오늘의집,SB-T-MAX-SS,맥시멈 토퍼 매트리스,SS,5,일반리뷰,,아이 방에 놨는데 만족합니다
RV00249,2026-07-02,네이버 브랜드스토어,SB-T-ARC-SS,올라운드 컴포트 토퍼 매트리스,SS,5,포토리뷰,,라이브 보고 샀는데 후회 없어요
RV00250,2026-07-02,쿠팡 로켓,SB-M-EVR-S,이브닝 리버서블 매트리스,S,5,일반리뷰,,라이브 보고 샀는데 후회 없어요
RV00251,2026-07-02,쿠팡 로켓,SB-T-ARB7-SS,올라운드 밸런스 토퍼 매트리스 7cm,SS,1,일반리뷰,배송지연,설치 날짜 잡는 데 계속 밀렸습니다
RV00252,2026-07-02,네이버 브랜드스토어,SB-T-ARCP-Q,올라운드 컴포트 플러스 토퍼 매트리스,Q,4,일반리뷰,,통기성 좋아서 여름에도 안 덥네요
RV00253,2026-07-02,네이버 브랜드스토어,SB-T-ARC-Q,올라운드 컴포트 토퍼 매트리스,Q,2,일반리뷰,단단함,생각보다 너무 딱딱해요
RV00254,2026-07-02,네이버 브랜드스토어,SB-T-ARC-SS,올라운드 컴포트 토퍼 매트리스,SS,5,포토리뷰,,생각보다 두툼하고 좋아요
RV00255,2026-07-02,네이버 브랜드스토어,SB-A-DPM,딥뮤트 수면안대,단일,5,일반리뷰,,매장에서 누워보고 샀는데 그대로예요
RV00256,2026-07-02,쿠팡 로켓,SB-T-ARB7-Q,올라운드 밸런스 토퍼 매트리스 7cm,Q,4,포토리뷰,,포장 뜯을 때 냄새 거의 없었어요
RV00257,2026-07-02,오늘의집,SB-F-BAU-O,바우 키즈 원목 오픈형 데이베드 침대,SS,5,포토리뷰,,통기성 좋아서 여름에도 안 덥네요
RV00258,2026-07-02,쿠팡 로켓,SB-T-ARC-Q,올라운드 컴포트 토퍼 매트리스,Q,5,일반리뷰,,통기성 좋아서 여름에도 안 덥네요
RV00259,2026-07-03,네이버 브랜드스토어,SB-T-ARB7-SS,올라운드 밸런스 토퍼 매트리스 7cm,SS,5,포토리뷰,,생각보다 두툼하고 좋아요
RV00260,2026-07-03,자사몰,SB-T-MAX-SS,맥시멈 토퍼 매트리스,SS,4,일반리뷰,,포장 뜯을 때 냄새 거의 없었어요
RV00261,2026-07-03,오늘의집,SB-T-NMX-Q,더 뉴 맥시멈 토퍼 매트리스,Q,5,포토리뷰,,생각보다 두툼하고 좋아요
RV00262,2026-07-03,네이버 브랜드스토어,SB-P-CLB,클라우드 버디 베개,단일,2,포토리뷰,배송지연,배송이 예정일보다 일주일 늦었어요
RV00263,2026-07-03,쿠팡 로켓,SB-A-DPM,딥뮤트 수면안대,단일,5,일반리뷰,,설치기사님 친절하셨습니다
RV00264,2026-07-04,쿠팡 로켓,SB-A-DPM,딥뮤트 수면안대,단일,5,일반리뷰,,생각보다 두툼하고 좋아요
RV00265,2026-07-04,쿠팡 로켓,SB-T-MAX-Q,맥시멈 토퍼 매트리스,Q,1,포토리뷰,냄새,개봉하고 나서 화학약품 냄새가 심했습니다
RV00266,2026-07-04,네이버 브랜드스토어,SB-M-EVR-Q,이브닝 리버서블 매트리스,Q,4,포토리뷰,,생각보다 두툼하고 좋아요
RV00267,2026-07-04,네이버 브랜드스토어,SB-T-ARB7-SS,올라운드 밸런스 토퍼 매트리스 7cm,SS,5,포토리뷰,,가격 대비 만족도 높습니다
RV00268,2026-07-04,네이버 브랜드스토어,SB-M-MFM-Q,미드나잇 풀문 매트리스,Q,5,일반리뷰,,생각보다 두툼하고 좋아요
RV00269,2026-07-04,자사몰,SB-M-DFC-Q,딥플로우 컴포트 매트리스,Q,5,일반리뷰,,쿠폰까지 받아서 잘 샀어요
RV00270,2026-07-04,오늘의집,SB-M-DFB-SS,딥플로우 밸런스 매트리스,SS,5,일반리뷰,,라이브 보고 샀는데 후회 없어요
RV00271,2026-07-04,네이버 브랜드스토어,SB-T-ARB5-Q,올라운드 밸런스 토퍼 매트리스 5cm,Q,5,포토리뷰,,아이 방에 놨는데 만족합니다
RV00272,2026-07-04,네이버 브랜드스토어,SB-M-DFC-Q,딥플로우 컴포트 매트리스,Q,5,일반리뷰,,생각보다 두툼하고 좋아요
RV00273,2026-07-04,네이버 브랜드스토어,SB-T-ARB5-SS,올라운드 밸런스 토퍼 매트리스 5cm,SS,5,포토리뷰,,설치기사님 친절하셨습니다
RV00274,2026-07-05,오늘의집,SB-T-NMX-SS,더 뉴 맥시멈 토퍼 매트리스,SS,1,포토리뷰,단단함,미디엄이라고 했는데 하드에 가깝습니다
RV00275,2026-07-05,네이버 브랜드스토어,SB-T-NMX-SS,더 뉴 맥시멈 토퍼 매트리스,SS,5,일반리뷰,,남편도 저도 잘 자요
RV00276,2026-07-05,자사몰,SB-T-ARC-SS,올라운드 컴포트 토퍼 매트리스,SS,5,일반리뷰,,포장 뜯을 때 냄새 거의 없었어요
RV00277,2026-07-05,쿠팡 로켓,SB-M-DFC-Q,딥플로우 컴포트 매트리스,Q,1,일반리뷰,꺼짐,누운 자리가 눌린 채로 안 돌아옵니다
RV00278,2026-07-05,네이버 브랜드스토어,SB-T-ARB5-SS,올라운드 밸런스 토퍼 매트리스 5cm,SS,5,포토리뷰,,가격 대비 만족도 높습니다
RV00279,2026-07-05,네이버 브랜드스토어,SB-P-CLB,클라우드 버디 베개,단일,5,일반리뷰,,아이 방에 놨는데 만족합니다
RV00280,2026-07-05,네이버 브랜드스토어,SB-F-BAU-O,바우 키즈 원목 오픈형 데이베드 침대,SS,5,포토리뷰,,아이 방에 놨는데 만족합니다
RV00281,2026-07-05,네이버 브랜드스토어,SB-F-BAU-G,바우 키즈 원목 가드형 데이베드 침대,SS,5,일반리뷰,,통기성 좋아서 여름에도 안 덥네요
RV00282,2026-07-05,네이버 브랜드스토어,SB-T-NMX-SS,더 뉴 맥시멈 토퍼 매트리스,SS,4,일반리뷰,,남편도 저도 잘 자요
RV00283,2026-07-05,네이버 브랜드스토어,SB-M-MFM-Q,미드나잇 풀문 매트리스,Q,5,일반리뷰,,매장에서 누워보고 샀는데 그대로예요
RV00284,2026-07-05,네이버 브랜드스토어,SB-M-ORG-SS,오리지널 매트리스 미디엄 소프트,SS,4,일반리뷰,,라이브 보고 샀는데 후회 없어요
RV00285,2026-07-06,네이버 브랜드스토어,SB-A-DPM,딥뮤트 수면안대,단일,4,일반리뷰,,설치기사님 친절하셨습니다
RV00286,2026-07-06,네이버 브랜드스토어,SB-T-NMX-Q,더 뉴 맥시멈 토퍼 매트리스,Q,5,일반리뷰,,라이브 보고 샀는데 후회 없어요
RV00287,2026-07-06,네이버 브랜드스토어,SB-T-ARB5-SS,올라운드 밸런스 토퍼 매트리스 5cm,SS,5,일반리뷰,,생각보다 두툼하고 좋아요
RV00288,2026-07-06,쿠팡 로켓,SB-T-ARB5-SS,올라운드 밸런스 토퍼 매트리스 5cm,SS,5,일반리뷰,,아이 방에 놨는데 만족합니다
RV00289,2026-07-06,네이버 브랜드스토어,SB-MO-EVM-SS,이브닝 모션 매트리스,SS,5,일반리뷰,,매장에서 누워보고 샀는데 그대로예요
RV00290,2026-07-06,자사몰,SB-T-ARC-SS,올라운드 컴포트 토퍼 매트리스,SS,5,일반리뷰,,쿠폰까지 받아서 잘 샀어요
RV00291,2026-07-07,네이버 브랜드스토어,SB-T-ARB5-SS,올라운드 밸런스 토퍼 매트리스 5cm,SS,3,일반리뷰,설치,설치기사님이 시간 안 지키셨어요
RV00292,2026-07-07,네이버 브랜드스토어,SB-M-DFC-Q,딥플로우 컴포트 매트리스,Q,5,일반리뷰,,설치기사님 친절하셨습니다
RV00293,2026-07-07,네이버 브랜드스토어,SB-T-ARC-Q,올라운드 컴포트 토퍼 매트리스,Q,4,일반리뷰,,생각보다 두툼하고 좋아요
RV00294,2026-07-07,쿠팡 로켓,SB-M-DFC-Q,딥플로우 컴포트 매트리스,Q,5,일반리뷰,,생각보다 두툼하고 좋아요
RV00295,2026-07-07,네이버 브랜드스토어,SB-M-EVR-SS,이브닝 리버서블 매트리스,SS,3,일반리뷰,냄새,새 제품 냄새가 며칠 갔어요
RV00296,2026-07-07,쿠팡 로켓,SB-T-ARB5-SS,올라운드 밸런스 토퍼 매트리스 5cm,SS,2,일반리뷰,커버,커버 세탁 후 수축이 있었어요
RV00297,2026-07-08,오늘의집,SB-A-DPM,딥뮤트 수면안대,단일,4,일반리뷰,,쿠폰까지 받아서 잘 샀어요
RV00298,2026-07-08,네이버 브랜드스토어,SB-MO-EVM-SS,이브닝 모션 매트리스,SS,5,포토리뷰,,남편도 저도 잘 자요
RV00299,2026-07-08,오늘의집,SB-M-EVR-SS,이브닝 리버서블 매트리스,SS,4,일반리뷰,,통기성 좋아서 여름에도 안 덥네요
RV00300,2026-07-08,네이버 브랜드스토어,SB-A-DPM,딥뮤트 수면안대,단일,5,포토리뷰,,쿠폰까지 받아서 잘 샀어요
RV00301,2026-07-08,쿠팡 로켓,SB-T-ARB7-SS,올라운드 밸런스 토퍼 매트리스 7cm,SS,5,포토리뷰,,배송이랑 설치 다 깔끔했어요
RV00302,2026-07-08,쿠팡 로켓,SB-T-NMX-SS,더 뉴 맥시멈 토퍼 매트리스,SS,4,일반리뷰,,쿠폰까지 받아서 잘 샀어요
RV00303,2026-07-08,오늘의집,SB-P-CLL,클라우드 LOW 경추 베개,단일,5,일반리뷰,,쿠폰까지 받아서 잘 샀어요
RV00304,2026-07-08,네이버 브랜드스토어,SB-M-DFB-Q,딥플로우 밸런스 매트리스,Q,4,일반리뷰,,통기성 좋아서 여름에도 안 덥네요
RV00305,2026-07-08,네이버 브랜드스토어,SB-MO-EVM-Q,이브닝 모션 매트리스,Q,5,일반리뷰,,가격 대비 만족도 높습니다
RV00306,2026-07-08,네이버 브랜드스토어,SB-T-ARB5-SS,올라운드 밸런스 토퍼 매트리스 5cm,SS,4,포토리뷰,,생각보다 두툼하고 좋아요
RV00307,2026-07-09,네이버 브랜드스토어,SB-M-DFC-SS,딥플로우 컴포트 매트리스,SS,5,일반리뷰,,토퍼만 바꿨는데 확실히 다르네요
RV00308,2026-07-09,네이버 브랜드스토어,SB-M-EVR-S,이브닝 리버서블 매트리스,S,5,일반리뷰,,허리가 안 아파요 진짜 잘 삽니다
RV00309,2026-07-09,쿠팡 로켓,SB-T-ARCP-Q,올라운드 컴포트 플러스 토퍼 매트리스,Q,3,일반리뷰,설치,설치기사님이 시간 안 지키셨어요
RV00310,2026-07-09,쿠팡 로켓,SB-T-ARB7-SS,올라운드 밸런스 토퍼 매트리스 7cm,SS,5,일반리뷰,,생각보다 두툼하고 좋아요
RV00311,2026-07-09,네이버 브랜드스토어,SB-M-DFC-Q,딥플로우 컴포트 매트리스,Q,2,일반리뷰,설치,설치 후 정리를 안 해주고 가셨습니다
RV00312,2026-07-09,네이버 브랜드스토어,SB-M-MFM-Q,미드나잇 풀문 매트리스,Q,1,일반리뷰,설치,설치기사님이 시간 안 지키셨어요
RV00313,2026-07-09,쿠팡 로켓,SB-T-ARB5-SS,올라운드 밸런스 토퍼 매트리스 5cm,SS,4,포토리뷰,,쿠폰까지 받아서 잘 샀어요
RV00314,2026-07-10,오늘의집,SB-F-BAU-G,바우 키즈 원목 가드형 데이베드 침대,SS,5,일반리뷰,,남편도 저도 잘 자요
RV00315,2026-07-10,네이버 브랜드스토어,SB-MO-MBL-SS,모션 밸런스드 매트리스,SS,5,일반리뷰,,허리가 안 아파요 진짜 잘 삽니다
RV00316,2026-07-10,쿠팡 로켓,SB-T-ARB5-Q,올라운드 밸런스 토퍼 매트리스 5cm,Q,5,일반리뷰,,라이브 보고 샀는데 후회 없어요
RV00317,2026-07-10,쿠팡 로켓,SB-T-ARB7-Q,올라운드 밸런스 토퍼 매트리스 7cm,Q,5,일반리뷰,,토퍼만 바꿨는데 확실히 다르네요
RV00318,2026-07-10,네이버 브랜드스토어,SB-T-ARB7-Q,올라운드 밸런스 토퍼 매트리스 7cm,Q,3,일반리뷰,커버,커버 세탁 후 수축이 있었어요
RV00319,2026-07-11,네이버 브랜드스토어,SB-P-CLB,클라우드 버디 베개,단일,5,일반리뷰,,생각보다 두툼하고 좋아요
RV00320,2026-07-11,네이버 브랜드스토어,SB-P-CLB,클라우드 버디 베개,단일,5,일반리뷰,,허리가 안 아파요 진짜 잘 삽니다
RV00321,2026-07-11,오늘의집,SB-P-CLL,클라우드 LOW 경추 베개,단일,5,포토리뷰,,쿠폰까지 받아서 잘 샀어요
RV00322,2026-07-11,오늘의집,SB-T-ARB5-SS,올라운드 밸런스 토퍼 매트리스 5cm,SS,5,일반리뷰,,생각보다 두툼하고 좋아요
RV00323,2026-07-11,네이버 브랜드스토어,SB-T-ARB7-Q,올라운드 밸런스 토퍼 매트리스 7cm,Q,3,일반리뷰,냄새,새 제품 냄새가 며칠 갔어요
RV00324,2026-07-11,쿠팡 로켓,SB-P-CLL,클라우드 LOW 경추 베개,단일,5,포토리뷰,,남편도 저도 잘 자요
RV00325,2026-07-11,오늘의집,SB-T-ARC-Q,올라운드 컴포트 토퍼 매트리스,Q,5,일반리뷰,,생각보다 두툼하고 좋아요
RV00326,2026-07-11,자사몰,SB-T-ARB5-Q,올라운드 밸런스 토퍼 매트리스 5cm,Q,5,일반리뷰,,쿠폰까지 받아서 잘 샀어요
RV00327,2026-07-11,오늘의집,SB-M-DFC-Q,딥플로우 컴포트 매트리스,Q,4,일반리뷰,,생각보다 두툼하고 좋아요
RV00328,2026-07-11,네이버 브랜드스토어,SB-T-GRB-SS,그라운드 밸런스 토퍼 매트리스,SS,5,포토리뷰,,배송이랑 설치 다 깔끔했어요
RV00329,2026-07-11,쿠팡 로켓,SB-T-ARC-Q,올라운드 컴포트 토퍼 매트리스,Q,1,포토리뷰,꺼짐,두 달 만에 가운데가 꺼졌어요
RV00330,2026-07-12,자사몰,SB-P-CLL,클라우드 LOW 경추 베개,단일,5,일반리뷰,,통기성 좋아서 여름에도 안 덥네요
RV00331,2026-07-12,쿠팡 로켓,SB-T-MAX-SS,맥시멈 토퍼 매트리스,SS,5,일반리뷰,,토퍼만 바꿨는데 확실히 다르네요
RV00332,2026-07-12,오늘의집,SB-T-ARB5-SS,올라운드 밸런스 토퍼 매트리스 5cm,SS,5,일반리뷰,,포장 뜯을 때 냄새 거의 없었어요
RV00333,2026-07-12,오늘의집,SB-T-ARCP-Q,올라운드 컴포트 플러스 토퍼 매트리스,Q,4,일반리뷰,,통기성 좋아서 여름에도 안 덥네요
RV00334,2026-07-12,네이버 브랜드스토어,SB-P-CLL,클라우드 LOW 경추 베개,단일,5,일반리뷰,,포장 뜯을 때 냄새 거의 없었어요
RV00335,2026-07-12,쿠팡 로켓,SB-T-MAX-Q,맥시멈 토퍼 매트리스,Q,5,일반리뷰,,배송이랑 설치 다 깔끔했어요
RV00336,2026-07-12,네이버 브랜드스토어,SB-P-CLL,클라우드 LOW 경추 베개,단일,3,포토리뷰,꺼짐,두 달 만에 가운데가 꺼졌어요
RV00337,2026-07-13,쿠팡 로켓,SB-M-DFC-SS,딥플로우 컴포트 매트리스,SS,5,일반리뷰,,허리가 안 아파요 진짜 잘 삽니다
RV00338,2026-07-13,쿠팡 로켓,SB-T-ARB5-Q,올라운드 밸런스 토퍼 매트리스 5cm,Q,5,일반리뷰,,통기성 좋아서 여름에도 안 덥네요
RV00339,2026-07-13,네이버 브랜드스토어,SB-T-NMX-SS,더 뉴 맥시멈 토퍼 매트리스,SS,2,일반리뷰,꺼짐,누운 자리가 눌린 채로 안 돌아옵니다
RV00340,2026-07-13,네이버 브랜드스토어,SB-T-ARB5-Q,올라운드 밸런스 토퍼 매트리스 5cm,Q,5,포토리뷰,,배송이랑 설치 다 깔끔했어요
RV00341,2026-07-13,네이버 브랜드스토어,SB-MO-EVM-Q,이브닝 모션 매트리스,Q,5,일반리뷰,,배송이랑 설치 다 깔끔했어요
RV00342,2026-07-13,네이버 브랜드스토어,SB-T-NMX-SS,더 뉴 맥시멈 토퍼 매트리스,SS,5,포토리뷰,,쿠폰까지 받아서 잘 샀어요
RV00343,2026-07-13,네이버 브랜드스토어,SB-P-CLL,클라우드 LOW 경추 베개,단일,5,일반리뷰,,가격 대비 만족도 높습니다
RV00344,2026-07-14,네이버 브랜드스토어,SB-T-ARB5-Q,올라운드 밸런스 토퍼 매트리스 5cm,Q,5,일반리뷰,,가격 대비 만족도 높습니다
RV00345,2026-07-14,오늘의집,SB-P-CLL,클라우드 LOW 경추 베개,단일,5,포토리뷰,,생각보다 두툼하고 좋아요
RV00346,2026-07-14,자사몰,SB-T-NMX-SS,더 뉴 맥시멈 토퍼 매트리스,SS,5,일반리뷰,,매장에서 누워보고 샀는데 그대로예요
RV00347,2026-07-14,네이버 브랜드스토어,SB-T-ARB5-Q,올라운드 밸런스 토퍼 매트리스 5cm,Q,4,일반리뷰,,라이브 보고 샀는데 후회 없어요
RV00348,2026-07-14,자사몰,SB-M-ORG-SS,오리지널 매트리스 미디엄 소프트,SS,5,일반리뷰,,설치기사님 친절하셨습니다
RV00349,2026-07-14,네이버 브랜드스토어,SB-T-ARC-Q,올라운드 컴포트 토퍼 매트리스,Q,1,일반리뷰,냄새,새 제품 냄새가 며칠 갔어요
RV00350,2026-07-14,네이버 브랜드스토어,SB-T-ARCP-Q,올라운드 컴포트 플러스 토퍼 매트리스,Q,4,일반리뷰,,라이브 보고 샀는데 후회 없어요
RV00351,2026-07-15,네이버 브랜드스토어,SB-T-ARB5-Q,올라운드 밸런스 토퍼 매트리스 5cm,Q,5,포토리뷰,,통기성 좋아서 여름에도 안 덥네요
RV00352,2026-07-15,쿠팡 로켓,SB-T-ARCP-Q,올라운드 컴포트 플러스 토퍼 매트리스,Q,4,포토리뷰,,설치기사님 친절하셨습니다
RV00353,2026-07-15,네이버 브랜드스토어,SB-P-CLB,클라우드 버디 베개,단일,4,일반리뷰,,라이브 보고 샀는데 후회 없어요
RV00354,2026-07-15,오늘의집,SB-M-DFB-Q,딥플로우 밸런스 매트리스,Q,4,일반리뷰,,남편도 저도 잘 자요
RV00355,2026-07-15,오늘의집,SB-M-ORG-SS,오리지널 매트리스 미디엄 소프트,SS,5,일반리뷰,,쿠폰까지 받아서 잘 샀어요
RV00356,2026-07-15,네이버 브랜드스토어,SB-T-ARB7-Q,올라운드 밸런스 토퍼 매트리스 7cm,Q,5,포토리뷰,,설치기사님 친절하셨습니다
RV00357,2026-07-15,오늘의집,SB-T-ARB5-SS,올라운드 밸런스 토퍼 매트리스 5cm,SS,5,일반리뷰,,생각보다 두툼하고 좋아요
RV00358,2026-07-16,네이버 브랜드스토어,SB-M-DFC-SS,딥플로우 컴포트 매트리스,SS,5,포토리뷰,,라이브 보고 샀는데 후회 없어요
RV00359,2026-07-16,네이버 브랜드스토어,SB-T-NMX-Q,더 뉴 맥시멈 토퍼 매트리스,Q,5,일반리뷰,,가격 대비 만족도 높습니다
RV00360,2026-07-16,오늘의집,SB-M-DFC-Q,딥플로우 컴포트 매트리스,Q,4,포토리뷰,,허리가 안 아파요 진짜 잘 삽니다
RV00361,2026-07-16,자사몰,SB-M-DFC-Q,딥플로우 컴포트 매트리스,Q,2,일반리뷰,냄새,개봉하고 나서 화학약품 냄새가 심했습니다
RV00362,2026-07-16,네이버 브랜드스토어,SB-F-BAU-G,바우 키즈 원목 가드형 데이베드 침대,SS,4,포토리뷰,,토퍼만 바꿨는데 확실히 다르네요
RV00363,2026-07-16,네이버 브랜드스토어,SB-M-DFB-Q,딥플로우 밸런스 매트리스,Q,5,포토리뷰,,가격 대비 만족도 높습니다
RV00364,2026-07-16,오늘의집,SB-T-ARB5-SS,올라운드 밸런스 토퍼 매트리스 5cm,SS,4,일반리뷰,,포장 뜯을 때 냄새 거의 없었어요
RV00365,2026-07-16,오늘의집,SB-M-EVR-Q,이브닝 리버서블 매트리스,Q,4,일반리뷰,,토퍼만 바꿨는데 확실히 다르네요
RV00366,2026-07-17,자사몰,SB-T-ARB7-Q,올라운드 밸런스 토퍼 매트리스 7cm,Q,5,일반리뷰,,라이브 보고 샀는데 후회 없어요
RV00367,2026-07-17,오늘의집,SB-F-BAU-G,바우 키즈 원목 가드형 데이베드 침대,SS,5,일반리뷰,,통기성 좋아서 여름에도 안 덥네요
RV00368,2026-07-17,네이버 브랜드스토어,SB-T-ARB5-SS,올라운드 밸런스 토퍼 매트리스 5cm,SS,5,일반리뷰,,배송이랑 설치 다 깔끔했어요
RV00369,2026-07-17,네이버 브랜드스토어,SB-T-ARB5-Q,올라운드 밸런스 토퍼 매트리스 5cm,Q,4,일반리뷰,,생각보다 두툼하고 좋아요
RV00370,2026-07-17,네이버 브랜드스토어,SB-T-ARB5-SS,올라운드 밸런스 토퍼 매트리스 5cm,SS,5,일반리뷰,,허리가 안 아파요 진짜 잘 삽니다
RV00371,2026-07-17,네이버 브랜드스토어,SB-A-DPM,딥뮤트 수면안대,단일,5,일반리뷰,,생각보다 두툼하고 좋아요
RV00372,2026-07-17,네이버 브랜드스토어,SB-MO-EVM-Q,이브닝 모션 매트리스,Q,5,일반리뷰,,포장 뜯을 때 냄새 거의 없었어요
RV00373,2026-07-17,오늘의집,SB-M-EVR-Q,이브닝 리버서블 매트리스,Q,4,포토리뷰,,남편도 저도 잘 자요
RV00374,2026-07-17,네이버 브랜드스토어,SB-T-ARB5-Q,올라운드 밸런스 토퍼 매트리스 5cm,Q,5,일반리뷰,,가격 대비 만족도 높습니다
RV00375,2026-07-17,네이버 브랜드스토어,SB-T-ARC-Q,올라운드 컴포트 토퍼 매트리스,Q,5,일반리뷰,,통기성 좋아서 여름에도 안 덥네요
RV00376,2026-07-18,쿠팡 로켓,SB-P-CLB,클라우드 버디 베개,단일,4,일반리뷰,,설치기사님 친절하셨습니다
RV00377,2026-07-18,네이버 브랜드스토어,SB-A-DPM,딥뮤트 수면안대,단일,5,일반리뷰,,통기성 좋아서 여름에도 안 덥네요
RV00378,2026-07-18,쿠팡 로켓,SB-P-CLB,클라우드 버디 베개,단일,4,일반리뷰,,쿠폰까지 받아서 잘 샀어요
RV00379,2026-07-18,네이버 브랜드스토어,SB-M-EVS-Q,이브닝 스타릿 매트리스,Q,4,일반리뷰,,배송이랑 설치 다 깔끔했어요
RV00380,2026-07-18,네이버 브랜드스토어,SB-T-ARB7-Q,올라운드 밸런스 토퍼 매트리스 7cm,Q,5,포토리뷰,,배송이랑 설치 다 깔끔했어요
RV00381,2026-07-18,네이버 브랜드스토어,SB-P-CLL,클라우드 LOW 경추 베개,단일,4,일반리뷰,,아이 방에 놨는데 만족합니다
RV00382,2026-07-19,네이버 브랜드스토어,SB-M-DFC-Q,딥플로우 컴포트 매트리스,Q,5,포토리뷰,,통기성 좋아서 여름에도 안 덥네요
RV00383,2026-07-19,쿠팡 로켓,SB-M-ORG-SS,오리지널 매트리스 미디엄 소프트,SS,5,일반리뷰,,쿠폰까지 받아서 잘 샀어요
RV00384,2026-07-19,네이버 브랜드스토어,SB-P-CLB,클라우드 버디 베개,단일,5,포토리뷰,,토퍼만 바꿨는데 확실히 다르네요
RV00385,2026-07-19,오늘의집,SB-MO-MBL-Q,모션 밸런스드 매트리스,Q,4,포토리뷰,,매장에서 누워보고 샀는데 그대로예요
RV00386,2026-07-19,네이버 브랜드스토어,SB-T-ARB7-Q,올라운드 밸런스 토퍼 매트리스 7cm,Q,5,포토리뷰,,포장 뜯을 때 냄새 거의 없었어요
RV00387,2026-07-19,네이버 브랜드스토어,SB-T-ARCP-Q,올라운드 컴포트 플러스 토퍼 매트리스,Q,4,일반리뷰,,매장에서 누워보고 샀는데 그대로예요
RV00388,2026-07-20,네이버 브랜드스토어,SB-P-CLL,클라우드 LOW 경추 베개,단일,5,포토리뷰,,가격 대비 만족도 높습니다
RV00389,2026-07-20,오늘의집,SB-T-ARB7-SS,올라운드 밸런스 토퍼 매트리스 7cm,SS,5,일반리뷰,,아이 방에 놨는데 만족합니다
RV00390,2026-07-20,쿠팡 로켓,SB-T-ARB5-Q,올라운드 밸런스 토퍼 매트리스 5cm,Q,5,포토리뷰,,라이브 보고 샀는데 후회 없어요
RV00391,2026-07-20,쿠팡 로켓,SB-T-NMX-Q,더 뉴 맥시멈 토퍼 매트리스,Q,4,포토리뷰,,쿠폰까지 받아서 잘 샀어요
RV00392,2026-07-20,자사몰,SB-M-DFB-SS,딥플로우 밸런스 매트리스,SS,4,일반리뷰,,설치기사님 친절하셨습니다
RV00393,2026-07-20,오늘의집,SB-T-ARB5-Q,올라운드 밸런스 토퍼 매트리스 5cm,Q,4,일반리뷰,,토퍼만 바꿨는데 확실히 다르네요
RV00394,2026-07-20,오늘의집,SB-M-EVR-Q,이브닝 리버서블 매트리스,Q,2,일반리뷰,커버,커버 지퍼가 뻑뻑합니다
RV00395,2026-07-20,오늘의집,SB-T-NMX-Q,더 뉴 맥시멈 토퍼 매트리스,Q,5,일반리뷰,,가격 대비 만족도 높습니다
RV00396,2026-07-20,오늘의집,SB-M-DFC-Q,딥플로우 컴포트 매트리스,Q,3,일반리뷰,냄새,새 제품 냄새가 며칠 갔어요
RV00397,2026-07-20,오늘의집,SB-M-EVR-Q,이브닝 리버서블 매트리스,Q,5,포토리뷰,,라이브 보고 샀는데 후회 없어요
RV00398,2026-07-21,오늘의집,SB-T-ARC-SS,올라운드 컴포트 토퍼 매트리스,SS,3,일반리뷰,꺼짐,두 달 만에 가운데가 꺼졌어요
RV00399,2026-07-21,네이버 브랜드스토어,SB-T-ARB5-SS,올라운드 밸런스 토퍼 매트리스 5cm,SS,5,일반리뷰,,남편도 저도 잘 자요
RV00400,2026-07-21,네이버 브랜드스토어,SB-P-CLL,클라우드 LOW 경추 베개,단일,2,일반리뷰,설치,설치기사님이 시간 안 지키셨어요
RV00401,2026-07-21,네이버 브랜드스토어,SB-T-ARB7-Q,올라운드 밸런스 토퍼 매트리스 7cm,Q,5,일반리뷰,,설치기사님 친절하셨습니다
RV00402,2026-07-21,오늘의집,SB-T-MAX-SS,맥시멈 토퍼 매트리스,SS,5,일반리뷰,,토퍼만 바꿨는데 확실히 다르네요
RV00403,2026-07-21,쿠팡 로켓,SB-MO-EVM-SS,이브닝 모션 매트리스,SS,4,포토리뷰,,배송이랑 설치 다 깔끔했어요
RV00404,2026-07-21,자사몰,SB-T-ARB7-Q,올라운드 밸런스 토퍼 매트리스 7cm,Q,5,포토리뷰,,아이 방에 놨는데 만족합니다
RV00405,2026-07-22,자사몰,SB-T-ARB5-SS,올라운드 밸런스 토퍼 매트리스 5cm,SS,5,일반리뷰,,생각보다 두툼하고 좋아요
RV00406,2026-07-22,네이버 브랜드스토어,SB-T-NMX-Q,더 뉴 맥시멈 토퍼 매트리스,Q,5,포토리뷰,,허리가 안 아파요 진짜 잘 삽니다
RV00407,2026-07-22,쿠팡 로켓,SB-M-EVS-K,이브닝 스타릿 매트리스,K,4,일반리뷰,,허리가 안 아파요 진짜 잘 삽니다
RV00408,2026-07-22,쿠팡 로켓,SB-MO-MBL-Q,모션 밸런스드 매트리스,Q,5,일반리뷰,,허리가 안 아파요 진짜 잘 삽니다
RV00409,2026-07-22,오늘의집,SB-T-ARC-SS,올라운드 컴포트 토퍼 매트리스,SS,5,일반리뷰,,배송이랑 설치 다 깔끔했어요
RV00410,2026-07-23,네이버 브랜드스토어,SB-M-EVR-Q,이브닝 리버서블 매트리스,Q,5,일반리뷰,,토퍼만 바꿨는데 확실히 다르네요
RV00411,2026-07-23,쿠팡 로켓,SB-M-EVR-Q,이브닝 리버서블 매트리스,Q,4,일반리뷰,,통기성 좋아서 여름에도 안 덥네요
RV00412,2026-07-23,쿠팡 로켓,SB-T-NMX-Q,더 뉴 맥시멈 토퍼 매트리스,Q,5,일반리뷰,,남편도 저도 잘 자요
RV00413,2026-07-23,오늘의집,SB-T-ARB7-SS,올라운드 밸런스 토퍼 매트리스 7cm,SS,5,일반리뷰,,생각보다 두툼하고 좋아요
RV00414,2026-07-23,쿠팡 로켓,SB-T-ARB5-SS,올라운드 밸런스 토퍼 매트리스 5cm,SS,5,일반리뷰,,아이 방에 놨는데 만족합니다
RV00415,2026-07-23,네이버 브랜드스토어,SB-P-CLL,클라우드 LOW 경추 베개,단일,3,포토리뷰,꺼짐,두 달 만에 가운데가 꺼졌어요
RV00416,2026-07-23,네이버 브랜드스토어,SB-T-ARB7-SS,올라운드 밸런스 토퍼 매트리스 7cm,SS,4,일반리뷰,,배송이랑 설치 다 깔끔했어요
RV00417,2026-07-23,네이버 브랜드스토어,SB-M-ORG-Q,오리지널 매트리스 미디엄 소프트,Q,4,일반리뷰,,설치기사님 친절하셨습니다
RV00418,2026-07-23,네이버 브랜드스토어,SB-T-NMX-Q,더 뉴 맥시멈 토퍼 매트리스,Q,5,일반리뷰,,토퍼만 바꿨는데 확실히 다르네요
RV00419,2026-07-24,오늘의집,SB-T-ARB7-Q,올라운드 밸런스 토퍼 매트리스 7cm,Q,5,일반리뷰,,매장에서 누워보고 샀는데 그대로예요
RV00420,2026-07-24,네이버 브랜드스토어,SB-M-DFC-Q,딥플로우 컴포트 매트리스,Q,2,포토리뷰,단단함,생각보다 너무 딱딱해요
RV00421,2026-07-24,네이버 브랜드스토어,SB-T-NMX-SS,더 뉴 맥시멈 토퍼 매트리스,SS,5,일반리뷰,,아이 방에 놨는데 만족합니다
RV00422,2026-07-24,자사몰,SB-M-DFC-Q,딥플로우 컴포트 매트리스,Q,2,일반리뷰,꺼짐,두 달 만에 가운데가 꺼졌어요
RV00423,2026-07-24,네이버 브랜드스토어,SB-M-DFC-Q,딥플로우 컴포트 매트리스,Q,1,일반리뷰,꺼짐,누운 자리가 눌린 채로 안 돌아옵니다
RV00424,2026-07-24,쿠팡 로켓,SB-T-NMX-SS,더 뉴 맥시멈 토퍼 매트리스,SS,4,일반리뷰,,매장에서 누워보고 샀는데 그대로예요
RV00425,2026-07-24,네이버 브랜드스토어,SB-M-DFC-Q,딥플로우 컴포트 매트리스,Q,2,일반리뷰,냄새,새 제품 냄새가 며칠 갔어요
RV00426,2026-07-24,오늘의집,SB-T-NMX-SS,더 뉴 맥시멈 토퍼 매트리스,SS,3,일반리뷰,단단함,생각보다 너무 딱딱해요
RV00427,2026-07-24,네이버 브랜드스토어,SB-M-EVS-Q,이브닝 스타릿 매트리스,Q,3,포토리뷰,단단함,생각보다 너무 딱딱해요
RV00428,2026-07-24,오늘의집,SB-P-CLB,클라우드 버디 베개,단일,5,포토리뷰,,아이 방에 놨는데 만족합니다
RV00429,2026-07-24,네이버 브랜드스토어,SB-T-ARC-SS,올라운드 컴포트 토퍼 매트리스,SS,5,일반리뷰,,통기성 좋아서 여름에도 안 덥네요
RV00430,2026-07-25,오늘의집,SB-T-ARB7-SS,올라운드 밸런스 토퍼 매트리스 7cm,SS,5,포토리뷰,,아이 방에 놨는데 만족합니다
RV00431,2026-07-25,네이버 브랜드스토어,SB-P-CLL,클라우드 LOW 경추 베개,단일,5,일반리뷰,,배송이랑 설치 다 깔끔했어요
RV00432,2026-07-25,쿠팡 로켓,SB-T-NMX-Q,더 뉴 맥시멈 토퍼 매트리스,Q,4,일반리뷰,,가격 대비 만족도 높습니다
RV00433,2026-07-25,오늘의집,SB-A-DPM,딥뮤트 수면안대,단일,5,일반리뷰,,배송이랑 설치 다 깔끔했어요
RV00434,2026-07-25,네이버 브랜드스토어,SB-M-EVS-K,이브닝 스타릿 매트리스,K,5,포토리뷰,,배송이랑 설치 다 깔끔했어요
RV00435,2026-07-25,네이버 브랜드스토어,SB-M-EVS-Q,이브닝 스타릿 매트리스,Q,4,일반리뷰,,배송이랑 설치 다 깔끔했어요
RV00436,2026-07-25,네이버 브랜드스토어,SB-A-DPM,딥뮤트 수면안대,단일,5,포토리뷰,,배송이랑 설치 다 깔끔했어요
RV00437,2026-07-25,오늘의집,SB-M-DFC-Q,딥플로우 컴포트 매트리스,Q,5,포토리뷰,,설치기사님 친절하셨습니다
RV00438,2026-07-26,네이버 브랜드스토어,SB-M-DFC-Q,딥플로우 컴포트 매트리스,Q,3,포토리뷰,꺼짐,누운 자리가 눌린 채로 안 돌아옵니다
RV00439,2026-07-26,오늘의집,SB-T-NMX-Q,더 뉴 맥시멈 토퍼 매트리스,Q,2,일반리뷰,냄새,개봉하고 나서 화학약품 냄새가 심했습니다
RV00440,2026-07-26,쿠팡 로켓,SB-MO-EVM-Q,이브닝 모션 매트리스,Q,3,일반리뷰,꺼짐,누운 자리가 눌린 채로 안 돌아옵니다
RV00441,2026-07-26,네이버 브랜드스토어,SB-M-DFB-Q,딥플로우 밸런스 매트리스,Q,5,일반리뷰,,아이 방에 놨는데 만족합니다
RV00442,2026-07-26,네이버 브랜드스토어,SB-M-DFC-SS,딥플로우 컴포트 매트리스,SS,5,일반리뷰,,통기성 좋아서 여름에도 안 덥네요
RV00443,2026-07-27,네이버 브랜드스토어,SB-T-ARC-Q,올라운드 컴포트 토퍼 매트리스,Q,1,일반리뷰,배송지연,배송이 예정일보다 일주일 늦었어요
RV00444,2026-07-27,네이버 브랜드스토어,SB-P-CLL,클라우드 LOW 경추 베개,단일,2,일반리뷰,설치,설치기사님이 시간 안 지키셨어요
RV00445,2026-07-27,오늘의집,SB-P-CLB,클라우드 버디 베개,단일,5,일반리뷰,,허리가 안 아파요 진짜 잘 삽니다
RV00446,2026-07-27,네이버 브랜드스토어,SB-T-ARB5-Q,올라운드 밸런스 토퍼 매트리스 5cm,Q,1,일반리뷰,배송지연,배송이 예정일보다 일주일 늦었어요
RV00447,2026-07-27,쿠팡 로켓,SB-T-ARB7-SS,올라운드 밸런스 토퍼 매트리스 7cm,SS,3,일반리뷰,커버,커버 지퍼가 뻑뻑합니다
RV00448,2026-07-27,네이버 브랜드스토어,SB-M-EVS-Q,이브닝 스타릿 매트리스,Q,5,일반리뷰,,설치기사님 친절하셨습니다
RV00449,2026-07-27,네이버 브랜드스토어,SB-T-ARC-SS,올라운드 컴포트 토퍼 매트리스,SS,5,일반리뷰,,남편도 저도 잘 자요
RV00450,2026-07-27,네이버 브랜드스토어,SB-P-CLL,클라우드 LOW 경추 베개,단일,5,일반리뷰,,가격 대비 만족도 높습니다
RV00451,2026-07-27,자사몰,SB-T-MAX-SS,맥시멈 토퍼 매트리스,SS,5,일반리뷰,,설치기사님 친절하셨습니다
RV00452,2026-07-27,네이버 브랜드스토어,SB-T-ARB5-Q,올라운드 밸런스 토퍼 매트리스 5cm,Q,2,일반리뷰,꺼짐,누운 자리가 눌린 채로 안 돌아옵니다
RV00453,2026-07-27,네이버 브랜드스토어,SB-M-DFB-Q,딥플로우 밸런스 매트리스,Q,4,일반리뷰,,토퍼만 바꿨는데 확실히 다르네요
RV00454,2026-07-28,네이버 브랜드스토어,SB-T-ARC-Q,올라운드 컴포트 토퍼 매트리스,Q,5,일반리뷰,,토퍼만 바꿨는데 확실히 다르네요
RV00455,2026-07-28,자사몰,SB-A-DPM,딥뮤트 수면안대,단일,5,포토리뷰,,설치기사님 친절하셨습니다
RV00456,2026-07-28,쿠팡 로켓,SB-T-ARB7-Q,올라운드 밸런스 토퍼 매트리스 7cm,Q,5,일반리뷰,,쿠폰까지 받아서 잘 샀어요
RV00457,2026-07-28,오늘의집,SB-M-DFC-Q,딥플로우 컴포트 매트리스,Q,5,포토리뷰,,가격 대비 만족도 높습니다
RV00458,2026-07-28,네이버 브랜드스토어,SB-A-DPM,딥뮤트 수면안대,단일,5,포토리뷰,,허리가 안 아파요 진짜 잘 삽니다
RV00459,2026-07-28,네이버 브랜드스토어,SB-T-ARB5-Q,올라운드 밸런스 토퍼 매트리스 5cm,Q,4,일반리뷰,,생각보다 두툼하고 좋아요
RV00460,2026-07-28,네이버 브랜드스토어,SB-T-ARB7-Q,올라운드 밸런스 토퍼 매트리스 7cm,Q,5,일반리뷰,,설치기사님 친절하셨습니다
RV00461,2026-07-29,네이버 브랜드스토어,SB-T-ARB5-Q,올라운드 밸런스 토퍼 매트리스 5cm,Q,4,일반리뷰,,배송이랑 설치 다 깔끔했어요
RV00462,2026-07-29,네이버 브랜드스토어,SB-A-DPM,딥뮤트 수면안대,단일,2,일반리뷰,꺼짐,누운 자리가 눌린 채로 안 돌아옵니다
RV00463,2026-07-29,자사몰,SB-M-EVR-SS,이브닝 리버서블 매트리스,SS,5,일반리뷰,,포장 뜯을 때 냄새 거의 없었어요
RV00464,2026-07-29,오늘의집,SB-T-NMX-Q,더 뉴 맥시멈 토퍼 매트리스,Q,1,포토리뷰,꺼짐,두 달 만에 가운데가 꺼졌어요
RV00465,2026-07-29,쿠팡 로켓,SB-T-GRB-SS,그라운드 밸런스 토퍼 매트리스,SS,4,일반리뷰,,토퍼만 바꿨는데 확실히 다르네요
RV00466,2026-07-29,네이버 브랜드스토어,SB-M-DFC-Q,딥플로우 컴포트 매트리스,Q,4,일반리뷰,,배송이랑 설치 다 깔끔했어요
RV00467,2026-07-29,쿠팡 로켓,SB-M-DFC-SS,딥플로우 컴포트 매트리스,SS,5,포토리뷰,,쿠폰까지 받아서 잘 샀어요
RV00468,2026-07-29,네이버 브랜드스토어,SB-M-DFB-Q,딥플로우 밸런스 매트리스,Q,4,일반리뷰,,매장에서 누워보고 샀는데 그대로예요
RV00469,2026-07-29,네이버 브랜드스토어,SB-T-ARB7-Q,올라운드 밸런스 토퍼 매트리스 7cm,Q,5,일반리뷰,,매장에서 누워보고 샀는데 그대로예요
RV00470,2026-07-29,네이버 브랜드스토어,SB-T-ARC-Q,올라운드 컴포트 토퍼 매트리스,Q,5,일반리뷰,,가격 대비 만족도 높습니다
RV00471,2026-07-29,오늘의집,SB-T-ARC-SS,올라운드 컴포트 토퍼 매트리스,SS,4,일반리뷰,,가격 대비 만족도 높습니다
RV00472,2026-07-30,오늘의집,SB-T-ARC-Q,올라운드 컴포트 토퍼 매트리스,Q,3,일반리뷰,배송지연,배송이 예정일보다 일주일 늦었어요
RV00473,2026-07-30,오늘의집,SB-M-DFC-Q,딥플로우 컴포트 매트리스,Q,1,일반리뷰,꺼짐,누운 자리가 눌린 채로 안 돌아옵니다
RV00474,2026-07-30,네이버 브랜드스토어,SB-M-EVR-Q,이브닝 리버서블 매트리스,Q,5,포토리뷰,,토퍼만 바꿨는데 확실히 다르네요
RV00475,2026-07-30,자사몰,SB-P-CLB,클라우드 버디 베개,단일,5,일반리뷰,,매장에서 누워보고 샀는데 그대로예요
RV00476,2026-07-30,쿠팡 로켓,SB-T-ARB5-SS,올라운드 밸런스 토퍼 매트리스 5cm,SS,5,일반리뷰,,가격 대비 만족도 높습니다
RV00477,2026-07-30,네이버 브랜드스토어,SB-T-NMX-Q,더 뉴 맥시멈 토퍼 매트리스,Q,4,일반리뷰,,남편도 저도 잘 자요
RV00478,2026-07-30,네이버 브랜드스토어,SB-T-ARB7-Q,올라운드 밸런스 토퍼 매트리스 7cm,Q,2,일반리뷰,커버,커버 세탁 후 수축이 있었어요
RV00479,2026-07-30,쿠팡 로켓,SB-M-DFC-Q,딥플로우 컴포트 매트리스,Q,2,일반리뷰,설치,설치기사님이 시간 안 지키셨어요
RV00480,2026-07-30,오늘의집,SB-T-ARC-SS,올라운드 컴포트 토퍼 매트리스,SS,5,포토리뷰,,가격 대비 만족도 높습니다
RV00481,2026-07-30,쿠팡 로켓,SB-M-EVR-Q,이브닝 리버서블 매트리스,Q,5,일반리뷰,,아이 방에 놨는데 만족합니다
RV00482,2026-07-30,자사몰,SB-P-CLB,클라우드 버디 베개,단일,4,일반리뷰,,라이브 보고 샀는데 후회 없어요
RV00483,2026-07-31,네이버 브랜드스토어,SB-P-CLL,클라우드 LOW 경추 베개,단일,5,포토리뷰,,가격 대비 만족도 높습니다
RV00484,2026-07-31,쿠팡 로켓,SB-T-ARB5-SS,올라운드 밸런스 토퍼 매트리스 5cm,SS,5,일반리뷰,,통기성 좋아서 여름에도 안 덥네요
RV00485,2026-07-31,쿠팡 로켓,SB-T-ARC-Q,올라운드 컴포트 토퍼 매트리스,Q,5,포토리뷰,,쿠폰까지 받아서 잘 샀어요
RV00486,2026-07-31,네이버 브랜드스토어,SB-M-EVS-Q,이브닝 스타릿 매트리스,Q,2,일반리뷰,설치,설치기사님이 시간 안 지키셨어요
RV00487,2026-07-31,네이버 브랜드스토어,SB-MO-EVM-Q,이브닝 모션 매트리스,Q,5,일반리뷰,,쿠폰까지 받아서 잘 샀어요
RV00488,2026-07-31,네이버 브랜드스토어,SB-F-BAU-O,바우 키즈 원목 오픈형 데이베드 침대,SS,5,일반리뷰,,남편도 저도 잘 자요
RV00489,2026-07-31,네이버 브랜드스토어,SB-T-ARC-Q,올라운드 컴포트 토퍼 매트리스,Q,2,일반리뷰,커버,커버 세탁 후 수축이 있었어요
RV00490,2026-07-31,네이버 브랜드스토어,SB-T-NMX-Q,더 뉴 맥시멈 토퍼 매트리스,Q,5,일반리뷰,,남편도 저도 잘 자요
RV00491,2026-08-01,쿠팡 로켓,SB-M-DFC-Q,딥플로우 컴포트 매트리스,Q,1,일반리뷰,냄새,새 제품 냄새가 며칠 갔어요
RV00492,2026-08-01,오늘의집,SB-T-ARC-SS,올라운드 컴포트 토퍼 매트리스,SS,5,일반리뷰,,통기성 좋아서 여름에도 안 덥네요
RV00493,2026-08-01,쿠팡 로켓,SB-M-DFC-Q,딥플로우 컴포트 매트리스,Q,3,일반리뷰,꺼짐,누운 자리가 눌린 채로 안 돌아옵니다
RV00494,2026-08-01,네이버 브랜드스토어,SB-MO-EVM-SS,이브닝 모션 매트리스,SS,5,일반리뷰,,통기성 좋아서 여름에도 안 덥네요
RV00495,2026-08-01,오늘의집,SB-M-DFC-SS,딥플로우 컴포트 매트리스,SS,4,일반리뷰,,라이브 보고 샀는데 후회 없어요
RV00496,2026-08-01,쿠팡 로켓,SB-M-EVR-S,이브닝 리버서블 매트리스,S,4,일반리뷰,,매장에서 누워보고 샀는데 그대로예요
RV00497,2026-08-01,네이버 브랜드스토어,SB-P-CLB,클라우드 버디 베개,단일,3,포토리뷰,배송지연,배송이 예정일보다 일주일 늦었어요
RV00498,2026-08-02,오늘의집,SB-M-ORG-SS,오리지널 매트리스 미디엄 소프트,SS,3,일반리뷰,커버,커버 지퍼가 뻑뻑합니다
RV00499,2026-08-02,쿠팡 로켓,SB-T-ARB5-SS,올라운드 밸런스 토퍼 매트리스 5cm,SS,4,일반리뷰,,설치기사님 친절하셨습니다
RV00500,2026-08-02,네이버 브랜드스토어,SB-T-MAX-Q,맥시멈 토퍼 매트리스,Q,3,포토리뷰,꺼짐,누운 자리가 눌린 채로 안 돌아옵니다
RV00501,2026-08-02,오늘의집,SB-T-ARB7-SS,올라운드 밸런스 토퍼 매트리스 7cm,SS,5,포토리뷰,,가격 대비 만족도 높습니다
RV00502,2026-08-02,오늘의집,SB-T-ARB5-Q,올라운드 밸런스 토퍼 매트리스 5cm,Q,4,일반리뷰,,토퍼만 바꿨는데 확실히 다르네요
RV00503,2026-08-03,쿠팡 로켓,SB-MO-MBL-Q,모션 밸런스드 매트리스,Q,5,포토리뷰,,설치기사님 친절하셨습니다
RV00504,2026-08-03,오늘의집,SB-M-EVR-S,이브닝 리버서블 매트리스,S,2,포토리뷰,단단함,미디엄이라고 했는데 하드에 가깝습니다
RV00505,2026-08-03,네이버 브랜드스토어,SB-T-ARB5-Q,올라운드 밸런스 토퍼 매트리스 5cm,Q,5,포토리뷰,,아이 방에 놨는데 만족합니다
RV00506,2026-08-03,네이버 브랜드스토어,SB-MO-EVM-Q,이브닝 모션 매트리스,Q,5,일반리뷰,,토퍼만 바꿨는데 확실히 다르네요
RV00507,2026-08-03,네이버 브랜드스토어,SB-M-EVR-SS,이브닝 리버서블 매트리스,SS,5,일반리뷰,,포장 뜯을 때 냄새 거의 없었어요
RV00508,2026-08-03,자사몰,SB-T-ARCP-Q,올라운드 컴포트 플러스 토퍼 매트리스,Q,5,일반리뷰,,라이브 보고 샀는데 후회 없어요
RV00509,2026-08-03,쿠팡 로켓,SB-A-DPM,딥뮤트 수면안대,단일,4,포토리뷰,,배송이랑 설치 다 깔끔했어요
RV00510,2026-08-03,자사몰,SB-T-NMX-SS,더 뉴 맥시멈 토퍼 매트리스,SS,3,일반리뷰,커버,커버 세탁 후 수축이 있었어요
RV00511,2026-08-03,네이버 브랜드스토어,SB-M-EVS-K,이브닝 스타릿 매트리스,K,5,일반리뷰,,매장에서 누워보고 샀는데 그대로예요
RV00512,2026-08-03,오늘의집,SB-M-EVS-Q,이브닝 스타릿 매트리스,Q,5,일반리뷰,,남편도 저도 잘 자요
RV00513,2026-08-04,쿠팡 로켓,SB-T-ARB7-Q,올라운드 밸런스 토퍼 매트리스 7cm,Q,5,일반리뷰,,라이브 보고 샀는데 후회 없어요
RV00514,2026-08-04,네이버 브랜드스토어,SB-A-DPM,딥뮤트 수면안대,단일,5,일반리뷰,,배송이랑 설치 다 깔끔했어요
RV00515,2026-08-04,쿠팡 로켓,SB-A-DPM,딥뮤트 수면안대,단일,5,일반리뷰,,라이브 보고 샀는데 후회 없어요
RV00516,2026-08-04,쿠팡 로켓,SB-P-CLL,클라우드 LOW 경추 베개,단일,5,포토리뷰,,설치기사님 친절하셨습니다
RV00517,2026-08-04,네이버 브랜드스토어,SB-M-EVR-SS,이브닝 리버서블 매트리스,SS,5,포토리뷰,,쿠폰까지 받아서 잘 샀어요
RV00518,2026-08-04,네이버 브랜드스토어,SB-M-ORG-Q,오리지널 매트리스 미디엄 소프트,Q,5,일반리뷰,,포장 뜯을 때 냄새 거의 없었어요
RV00519,2026-08-04,네이버 브랜드스토어,SB-T-NMX-Q,더 뉴 맥시멈 토퍼 매트리스,Q,5,일반리뷰,,가격 대비 만족도 높습니다
RV00520,2026-08-04,자사몰,SB-T-ARB5-Q,올라운드 밸런스 토퍼 매트리스 5cm,Q,5,일반리뷰,,매장에서 누워보고 샀는데 그대로예요
RV00521,2026-08-05,오늘의집,SB-T-ARB5-Q,올라운드 밸런스 토퍼 매트리스 5cm,Q,4,포토리뷰,,토퍼만 바꿨는데 확실히 다르네요
RV00522,2026-08-05,쿠팡 로켓,SB-A-DPM,딥뮤트 수면안대,단일,5,포토리뷰,,매장에서 누워보고 샀는데 그대로예요
RV00523,2026-08-05,네이버 브랜드스토어,SB-MO-EVM-Q,이브닝 모션 매트리스,Q,5,일반리뷰,,통기성 좋아서 여름에도 안 덥네요
RV00524,2026-08-05,네이버 브랜드스토어,SB-T-NMX-Q,더 뉴 맥시멈 토퍼 매트리스,Q,5,포토리뷰,,라이브 보고 샀는데 후회 없어요
RV00525,2026-08-05,자사몰,SB-T-ARCP-Q,올라운드 컴포트 플러스 토퍼 매트리스,Q,5,일반리뷰,,배송이랑 설치 다 깔끔했어요
RV00526,2026-08-05,쿠팡 로켓,SB-M-EVR-Q,이브닝 리버서블 매트리스,Q,5,일반리뷰,,매장에서 누워보고 샀는데 그대로예요
RV00527,2026-08-05,네이버 브랜드스토어,SB-T-NMX-Q,더 뉴 맥시멈 토퍼 매트리스,Q,5,포토리뷰,,허리가 안 아파요 진짜 잘 삽니다
RV00528,2026-08-05,네이버 브랜드스토어,SB-T-ARCP-Q,올라운드 컴포트 플러스 토퍼 매트리스,Q,1,일반리뷰,단단함,생각보다 너무 딱딱해요
RV00529,2026-08-06,쿠팡 로켓,SB-T-NMX-SS,더 뉴 맥시멈 토퍼 매트리스,SS,3,포토리뷰,꺼짐,두 달 만에 가운데가 꺼졌어요
RV00530,2026-08-06,네이버 브랜드스토어,SB-P-CLB,클라우드 버디 베개,단일,1,일반리뷰,커버,커버 세탁 후 수축이 있었어요
RV00531,2026-08-06,오늘의집,SB-T-ARB7-Q,올라운드 밸런스 토퍼 매트리스 7cm,Q,5,일반리뷰,,라이브 보고 샀는데 후회 없어요
RV00532,2026-08-06,오늘의집,SB-T-ARB5-Q,올라운드 밸런스 토퍼 매트리스 5cm,Q,4,일반리뷰,,아이 방에 놨는데 만족합니다
RV00533,2026-08-06,네이버 브랜드스토어,SB-T-MAX-SS,맥시멈 토퍼 매트리스,SS,5,일반리뷰,,라이브 보고 샀는데 후회 없어요
RV00534,2026-08-06,네이버 브랜드스토어,SB-P-CLL,클라우드 LOW 경추 베개,단일,5,일반리뷰,,통기성 좋아서 여름에도 안 덥네요
RV00535,2026-08-07,네이버 브랜드스토어,SB-M-EVR-Q,이브닝 리버서블 매트리스,Q,5,일반리뷰,,토퍼만 바꿨는데 확실히 다르네요
RV00536,2026-08-07,네이버 브랜드스토어,SB-P-CLB,클라우드 버디 베개,단일,3,일반리뷰,단단함,생각보다 너무 딱딱해요
RV00537,2026-08-07,네이버 브랜드스토어,SB-M-DFC-Q,딥플로우 컴포트 매트리스,Q,5,포토리뷰,,쿠폰까지 받아서 잘 샀어요
RV00538,2026-08-07,네이버 브랜드스토어,SB-MO-EVM-Q,이브닝 모션 매트리스,Q,4,일반리뷰,,포장 뜯을 때 냄새 거의 없었어요
RV00539,2026-08-07,네이버 브랜드스토어,SB-T-ARB5-Q,올라운드 밸런스 토퍼 매트리스 5cm,Q,5,포토리뷰,,쿠폰까지 받아서 잘 샀어요
RV00540,2026-08-07,오늘의집,SB-M-EVR-Q,이브닝 리버서블 매트리스,Q,2,포토리뷰,냄새,새 제품 냄새가 며칠 갔어요
RV00541,2026-08-07,자사몰,SB-M-DFC-Q,딥플로우 컴포트 매트리스,Q,3,일반리뷰,꺼짐,두 달 만에 가운데가 꺼졌어요
RV00542,2026-08-08,오늘의집,SB-T-NMX-SS,더 뉴 맥시멈 토퍼 매트리스,SS,5,일반리뷰,,남편도 저도 잘 자요
RV00543,2026-08-08,자사몰,SB-M-EVR-Q,이브닝 리버서블 매트리스,Q,2,일반리뷰,냄새,개봉하고 나서 화학약품 냄새가 심했습니다
RV00544,2026-08-08,오늘의집,SB-M-TWS-K,트와일라잇 선셋 매트리스,K,2,일반리뷰,냄새,개봉하고 나서 화학약품 냄새가 심했습니다
RV00545,2026-08-08,자사몰,SB-M-ORG-SS,오리지널 매트리스 미디엄 소프트,SS,5,포토리뷰,,쿠폰까지 받아서 잘 샀어요
RV00546,2026-08-08,자사몰,SB-T-ARC-SS,올라운드 컴포트 토퍼 매트리스,SS,4,포토리뷰,,허리가 안 아파요 진짜 잘 삽니다
RV00547,2026-08-08,오늘의집,SB-T-MAX-SS,맥시멈 토퍼 매트리스,SS,5,일반리뷰,,허리가 안 아파요 진짜 잘 삽니다
RV00548,2026-08-08,네이버 브랜드스토어,SB-F-AMD-K,아몬드 무헤드형 침대,K,5,일반리뷰,,통기성 좋아서 여름에도 안 덥네요
RV00549,2026-08-08,네이버 브랜드스토어,SB-T-ARB7-Q,올라운드 밸런스 토퍼 매트리스 7cm,Q,5,포토리뷰,,허리가 안 아파요 진짜 잘 삽니다
RV00550,2026-08-08,오늘의집,SB-MO-MBL-SS,모션 밸런스드 매트리스,SS,5,일반리뷰,,쿠폰까지 받아서 잘 샀어요
RV00551,2026-08-08,쿠팡 로켓,SB-M-DFB-Q,딥플로우 밸런스 매트리스,Q,4,포토리뷰,,매장에서 누워보고 샀는데 그대로예요
RV00552,2026-08-08,자사몰,SB-P-CLB,클라우드 버디 베개,단일,4,일반리뷰,,토퍼만 바꿨는데 확실히 다르네요
RV00553,2026-08-09,네이버 브랜드스토어,SB-A-DPM,딥뮤트 수면안대,단일,4,일반리뷰,,라이브 보고 샀는데 후회 없어요
RV00554,2026-08-09,오늘의집,SB-T-ARB5-Q,올라운드 밸런스 토퍼 매트리스 5cm,Q,5,일반리뷰,,포장 뜯을 때 냄새 거의 없었어요
RV00555,2026-08-09,네이버 브랜드스토어,SB-T-ARB7-SS,올라운드 밸런스 토퍼 매트리스 7cm,SS,4,일반리뷰,,통기성 좋아서 여름에도 안 덥네요
RV00556,2026-08-09,네이버 브랜드스토어,SB-M-EVR-Q,이브닝 리버서블 매트리스,Q,4,일반리뷰,,생각보다 두툼하고 좋아요
RV00557,2026-08-09,네이버 브랜드스토어,SB-T-ARB5-Q,올라운드 밸런스 토퍼 매트리스 5cm,Q,3,일반리뷰,커버,커버 지퍼가 뻑뻑합니다
RV00558,2026-08-09,오늘의집,SB-T-ARB5-Q,올라운드 밸런스 토퍼 매트리스 5cm,Q,2,일반리뷰,커버,커버 지퍼가 뻑뻑합니다
RV00559,2026-08-09,네이버 브랜드스토어,SB-A-DPM,딥뮤트 수면안대,단일,5,일반리뷰,,아이 방에 놨는데 만족합니다
RV00560,2026-08-09,네이버 브랜드스토어,SB-M-EVR-Q,이브닝 리버서블 매트리스,Q,4,일반리뷰,,가격 대비 만족도 높습니다
RV00561,2026-08-10,네이버 브랜드스토어,SB-M-DFC-Q,딥플로우 컴포트 매트리스,Q,2,일반리뷰,냄새,새 제품 냄새가 며칠 갔어요
RV00562,2026-08-10,네이버 브랜드스토어,SB-M-EVR-Q,이브닝 리버서블 매트리스,Q,5,일반리뷰,,설치기사님 친절하셨습니다
RV00563,2026-08-10,네이버 브랜드스토어,SB-T-ARB7-SS,올라운드 밸런스 토퍼 매트리스 7cm,SS,5,포토리뷰,,설치기사님 친절하셨습니다
RV00564,2026-08-10,자사몰,SB-P-CLL,클라우드 LOW 경추 베개,단일,5,일반리뷰,,통기성 좋아서 여름에도 안 덥네요
RV00565,2026-08-10,쿠팡 로켓,SB-T-ARB7-Q,올라운드 밸런스 토퍼 매트리스 7cm,Q,5,포토리뷰,,토퍼만 바꿨는데 확실히 다르네요
RV00566,2026-08-10,네이버 브랜드스토어,SB-T-ARCP-Q,올라운드 컴포트 플러스 토퍼 매트리스,Q,5,일반리뷰,,포장 뜯을 때 냄새 거의 없었어요
RV00567,2026-08-10,오늘의집,SB-P-CLB,클라우드 버디 베개,단일,4,일반리뷰,,배송이랑 설치 다 깔끔했어요
RV00568,2026-08-10,네이버 브랜드스토어,SB-P-CLL,클라우드 LOW 경추 베개,단일,5,일반리뷰,,포장 뜯을 때 냄새 거의 없었어요
RV00569,2026-08-10,쿠팡 로켓,SB-A-DPM,딥뮤트 수면안대,단일,5,일반리뷰,,토퍼만 바꿨는데 확실히 다르네요
RV00570,2026-08-11,네이버 브랜드스토어,SB-P-CLB,클라우드 버디 베개,단일,5,일반리뷰,,아이 방에 놨는데 만족합니다
RV00571,2026-08-11,쿠팡 로켓,SB-M-ORG-Q,오리지널 매트리스 미디엄 소프트,Q,5,포토리뷰,,남편도 저도 잘 자요
RV00572,2026-08-11,쿠팡 로켓,SB-F-BAU-O,바우 키즈 원목 오픈형 데이베드 침대,SS,4,일반리뷰,,허리가 안 아파요 진짜 잘 삽니다
RV00573,2026-08-11,네이버 브랜드스토어,SB-P-CLB,클라우드 버디 베개,단일,4,포토리뷰,,가격 대비 만족도 높습니다
RV00574,2026-08-11,네이버 브랜드스토어,SB-M-DFB-SS,딥플로우 밸런스 매트리스,SS,4,포토리뷰,,매장에서 누워보고 샀는데 그대로예요
RV00575,2026-08-11,쿠팡 로켓,SB-M-DFC-Q,딥플로우 컴포트 매트리스,Q,1,일반리뷰,설치,설치기사님이 시간 안 지키셨어요
RV00576,2026-08-11,자사몰,SB-T-NMX-Q,더 뉴 맥시멈 토퍼 매트리스,Q,1,일반리뷰,배송지연,배송이 예정일보다 일주일 늦었어요
RV00577,2026-08-11,네이버 브랜드스토어,SB-M-DFC-SS,딥플로우 컴포트 매트리스,SS,5,일반리뷰,,허리가 안 아파요 진짜 잘 삽니다
RV00578,2026-08-11,쿠팡 로켓,SB-T-ARC-SS,올라운드 컴포트 토퍼 매트리스,SS,5,포토리뷰,,허리가 안 아파요 진짜 잘 삽니다
RV00579,2026-08-11,쿠팡 로켓,SB-T-NMX-Q,더 뉴 맥시멈 토퍼 매트리스,Q,5,일반리뷰,,남편도 저도 잘 자요
RV00580,2026-08-11,네이버 브랜드스토어,SB-P-CLB,클라우드 버디 베개,단일,5,일반리뷰,,생각보다 두툼하고 좋아요
RV00581,2026-08-11,쿠팡 로켓,SB-M-EVR-Q,이브닝 리버서블 매트리스,Q,5,일반리뷰,,허리가 안 아파요 진짜 잘 삽니다
RV00582,2026-08-11,쿠팡 로켓,SB-M-DFC-Q,딥플로우 컴포트 매트리스,Q,5,일반리뷰,,라이브 보고 샀는데 후회 없어요
RV00583,2026-08-12,네이버 브랜드스토어,SB-T-NMX-SS,더 뉴 맥시멈 토퍼 매트리스,SS,1,일반리뷰,커버,커버 지퍼가 뻑뻑합니다
RV00584,2026-08-12,네이버 브랜드스토어,SB-T-ARCP-Q,올라운드 컴포트 플러스 토퍼 매트리스,Q,5,일반리뷰,,허리가 안 아파요 진짜 잘 삽니다
RV00585,2026-08-12,네이버 브랜드스토어,SB-T-ARC-Q,올라운드 컴포트 토퍼 매트리스,Q,4,일반리뷰,,쿠폰까지 받아서 잘 샀어요
RV00586,2026-08-12,네이버 브랜드스토어,SB-P-CLB,클라우드 버디 베개,단일,5,일반리뷰,,남편도 저도 잘 자요
RV00587,2026-08-12,오늘의집,SB-T-ARC-SS,올라운드 컴포트 토퍼 매트리스,SS,5,일반리뷰,,생각보다 두툼하고 좋아요
RV00588,2026-08-12,쿠팡 로켓,SB-T-ARB5-Q,올라운드 밸런스 토퍼 매트리스 5cm,Q,5,포토리뷰,,토퍼만 바꿨는데 확실히 다르네요
RV00589,2026-08-12,네이버 브랜드스토어,SB-T-ARB7-SS,올라운드 밸런스 토퍼 매트리스 7cm,SS,5,일반리뷰,,배송이랑 설치 다 깔끔했어요
RV00590,2026-08-12,네이버 브랜드스토어,SB-F-BAU-O,바우 키즈 원목 오픈형 데이베드 침대,SS,5,포토리뷰,,매장에서 누워보고 샀는데 그대로예요
RV00591,2026-08-12,네이버 브랜드스토어,SB-T-ARCP-Q,올라운드 컴포트 플러스 토퍼 매트리스,Q,1,일반리뷰,냄새,개봉하고 나서 화학약품 냄새가 심했습니다
RV00592,2026-08-12,오늘의집,SB-M-DFC-SS,딥플로우 컴포트 매트리스,SS,5,포토리뷰,,토퍼만 바꿨는데 확실히 다르네요
RV00593,2026-08-12,네이버 브랜드스토어,SB-M-EVS-K,이브닝 스타릿 매트리스,K,5,일반리뷰,,허리가 안 아파요 진짜 잘 삽니다
RV00594,2026-08-12,네이버 브랜드스토어,SB-T-NMX-Q,더 뉴 맥시멈 토퍼 매트리스,Q,4,일반리뷰,,아이 방에 놨는데 만족합니다
RV00595,2026-08-13,오늘의집,SB-M-ORG-Q,오리지널 매트리스 미디엄 소프트,Q,5,일반리뷰,,쿠폰까지 받아서 잘 샀어요
RV00596,2026-08-13,네이버 브랜드스토어,SB-M-DFB-SS,딥플로우 밸런스 매트리스,SS,5,일반리뷰,,설치기사님 친절하셨습니다
RV00597,2026-08-13,네이버 브랜드스토어,SB-P-CLL,클라우드 LOW 경추 베개,단일,5,일반리뷰,,매장에서 누워보고 샀는데 그대로예요
RV00598,2026-08-13,네이버 브랜드스토어,SB-T-ARB5-SS,올라운드 밸런스 토퍼 매트리스 5cm,SS,3,일반리뷰,꺼짐,누운 자리가 눌린 채로 안 돌아옵니다
RV00599,2026-08-13,네이버 브랜드스토어,SB-T-ARB5-Q,올라운드 밸런스 토퍼 매트리스 5cm,Q,3,일반리뷰,냄새,개봉하고 나서 화학약품 냄새가 심했습니다
RV00600,2026-08-13,네이버 브랜드스토어,SB-T-MAX-SS,맥시멈 토퍼 매트리스,SS,5,일반리뷰,,가격 대비 만족도 높습니다
RV00601,2026-08-13,오늘의집,SB-M-DFC-Q,딥플로우 컴포트 매트리스,Q,4,포토리뷰,,라이브 보고 샀는데 후회 없어요
RV00602,2026-08-13,오늘의집,SB-T-NMX-SS,더 뉴 맥시멈 토퍼 매트리스,SS,4,일반리뷰,,아이 방에 놨는데 만족합니다
RV00603,2026-08-13,자사몰,SB-M-DFC-Q,딥플로우 컴포트 매트리스,Q,4,일반리뷰,,남편도 저도 잘 자요
RV00604,2026-08-13,네이버 브랜드스토어,SB-M-EVS-Q,이브닝 스타릿 매트리스,Q,4,일반리뷰,,포장 뜯을 때 냄새 거의 없었어요
RV00605,2026-08-13,오늘의집,SB-T-ARB7-SS,올라운드 밸런스 토퍼 매트리스 7cm,SS,5,포토리뷰,,배송이랑 설치 다 깔끔했어요
RV00606,2026-08-13,오늘의집,SB-A-DPM,딥뮤트 수면안대,단일,4,일반리뷰,,토퍼만 바꿨는데 확실히 다르네요
RV00607,2026-08-14,네이버 브랜드스토어,SB-A-DPM,딥뮤트 수면안대,단일,4,일반리뷰,,매장에서 누워보고 샀는데 그대로예요
RV00608,2026-08-14,네이버 브랜드스토어,SB-P-CLL,클라우드 LOW 경추 베개,단일,5,포토리뷰,,토퍼만 바꿨는데 확실히 다르네요
RV00609,2026-08-14,네이버 브랜드스토어,SB-M-DFC-Q,딥플로우 컴포트 매트리스,Q,2,포토리뷰,꺼짐,누운 자리가 눌린 채로 안 돌아옵니다
RV00610,2026-08-14,네이버 브랜드스토어,SB-M-DFC-Q,딥플로우 컴포트 매트리스,Q,4,일반리뷰,,허리가 안 아파요 진짜 잘 삽니다
RV00611,2026-08-14,쿠팡 로켓,SB-T-NMX-SS,더 뉴 맥시멈 토퍼 매트리스,SS,4,일반리뷰,,설치기사님 친절하셨습니다
RV00612,2026-08-14,네이버 브랜드스토어,SB-M-TWS-KK,트와일라잇 선셋 매트리스,KK,5,포토리뷰,,매장에서 누워보고 샀는데 그대로예요
RV00613,2026-08-14,쿠팡 로켓,SB-M-DFC-Q,딥플로우 컴포트 매트리스,Q,5,일반리뷰,,남편도 저도 잘 자요
RV00614,2026-08-14,오늘의집,SB-T-NMX-Q,더 뉴 맥시멈 토퍼 매트리스,Q,4,포토리뷰,,남편도 저도 잘 자요
RV00615,2026-08-14,자사몰,SB-T-NMX-SS,더 뉴 맥시멈 토퍼 매트리스,SS,4,일반리뷰,,남편도 저도 잘 자요
RV00616,2026-08-15,네이버 브랜드스토어,SB-M-EVR-S,이브닝 리버서블 매트리스,S,5,일반리뷰,,라이브 보고 샀는데 후회 없어요
RV00617,2026-08-15,네이버 브랜드스토어,SB-M-EVS-Q,이브닝 스타릿 매트리스,Q,4,일반리뷰,,통기성 좋아서 여름에도 안 덥네요
RV00618,2026-08-15,네이버 브랜드스토어,SB-T-ARC-Q,올라운드 컴포트 토퍼 매트리스,Q,2,일반리뷰,꺼짐,누운 자리가 눌린 채로 안 돌아옵니다
RV00619,2026-08-15,오늘의집,SB-T-ARB7-Q,올라운드 밸런스 토퍼 매트리스 7cm,Q,1,포토리뷰,단단함,생각보다 너무 딱딱해요
RV00620,2026-08-15,자사몰,SB-T-NMX-Q,더 뉴 맥시멈 토퍼 매트리스,Q,4,일반리뷰,,아이 방에 놨는데 만족합니다
RV00621,2026-08-15,쿠팡 로켓,SB-M-EVS-Q,이브닝 스타릿 매트리스,Q,5,일반리뷰,,토퍼만 바꿨는데 확실히 다르네요
RV00622,2026-08-15,쿠팡 로켓,SB-P-CLL,클라우드 LOW 경추 베개,단일,5,일반리뷰,,남편도 저도 잘 자요
RV00623,2026-08-15,네이버 브랜드스토어,SB-P-CLL,클라우드 LOW 경추 베개,단일,5,일반리뷰,,매장에서 누워보고 샀는데 그대로예요
RV00624,2026-08-16,네이버 브랜드스토어,SB-T-ARC-SS,올라운드 컴포트 토퍼 매트리스,SS,5,일반리뷰,,토퍼만 바꿨는데 확실히 다르네요
RV00625,2026-08-16,오늘의집,SB-A-DPM,딥뮤트 수면안대,단일,4,포토리뷰,,통기성 좋아서 여름에도 안 덥네요
RV00626,2026-08-16,네이버 브랜드스토어,SB-M-EVR-Q,이브닝 리버서블 매트리스,Q,5,일반리뷰,,생각보다 두툼하고 좋아요
RV00627,2026-08-16,오늘의집,SB-M-EVR-Q,이브닝 리버서블 매트리스,Q,5,일반리뷰,,생각보다 두툼하고 좋아요
RV00628,2026-08-16,네이버 브랜드스토어,SB-P-CLL,클라우드 LOW 경추 베개,단일,5,일반리뷰,,생각보다 두툼하고 좋아요
RV00629,2026-08-16,오늘의집,SB-T-NMX-Q,더 뉴 맥시멈 토퍼 매트리스,Q,5,일반리뷰,,통기성 좋아서 여름에도 안 덥네요
RV00630,2026-08-16,자사몰,SB-M-DFC-Q,딥플로우 컴포트 매트리스,Q,3,포토리뷰,냄새,새 제품 냄새가 며칠 갔어요
RV00631,2026-08-16,네이버 브랜드스토어,SB-T-NMX-Q,더 뉴 맥시멈 토퍼 매트리스,Q,5,일반리뷰,,포장 뜯을 때 냄새 거의 없었어요
RV00632,2026-08-16,쿠팡 로켓,SB-T-ARC-SS,올라운드 컴포트 토퍼 매트리스,SS,4,일반리뷰,,가격 대비 만족도 높습니다
RV00633,2026-08-16,네이버 브랜드스토어,SB-T-ARC-SS,올라운드 컴포트 토퍼 매트리스,SS,5,일반리뷰,,매장에서 누워보고 샀는데 그대로예요
RV00634,2026-08-17,쿠팡 로켓,SB-T-NMX-Q,더 뉴 맥시멈 토퍼 매트리스,Q,5,포토리뷰,,토퍼만 바꿨는데 확실히 다르네요
RV00635,2026-08-17,네이버 브랜드스토어,SB-T-ARB5-SS,올라운드 밸런스 토퍼 매트리스 5cm,SS,5,일반리뷰,,매장에서 누워보고 샀는데 그대로예요
RV00636,2026-08-17,네이버 브랜드스토어,SB-T-ARC-Q,올라운드 컴포트 토퍼 매트리스,Q,1,일반리뷰,단단함,생각보다 너무 딱딱해요
RV00637,2026-08-17,쿠팡 로켓,SB-T-NMX-Q,더 뉴 맥시멈 토퍼 매트리스,Q,5,일반리뷰,,설치기사님 친절하셨습니다
RV00638,2026-08-17,네이버 브랜드스토어,SB-M-DFC-Q,딥플로우 컴포트 매트리스,Q,2,일반리뷰,냄새,개봉하고 나서 화학약품 냄새가 심했습니다
RV00639,2026-08-17,쿠팡 로켓,SB-M-DFC-Q,딥플로우 컴포트 매트리스,Q,5,일반리뷰,,생각보다 두툼하고 좋아요
RV00640,2026-08-17,네이버 브랜드스토어,SB-T-NMX-SS,더 뉴 맥시멈 토퍼 매트리스,SS,3,일반리뷰,커버,커버 세탁 후 수축이 있었어요
RV00641,2026-08-17,쿠팡 로켓,SB-MO-EVM-SS,이브닝 모션 매트리스,SS,4,일반리뷰,,아이 방에 놨는데 만족합니다
RV00642,2026-08-17,오늘의집,SB-P-CLL,클라우드 LOW 경추 베개,단일,3,일반리뷰,단단함,생각보다 너무 딱딱해요
RV00643,2026-08-17,네이버 브랜드스토어,SB-P-CLL,클라우드 LOW 경추 베개,단일,1,일반리뷰,단단함,생각보다 너무 딱딱해요
RV00644,2026-08-17,쿠팡 로켓,SB-MO-EVM-Q,이브닝 모션 매트리스,Q,4,포토리뷰,,포장 뜯을 때 냄새 거의 없었어요
RV00645,2026-08-17,네이버 브랜드스토어,SB-M-DFC-SS,딥플로우 컴포트 매트리스,SS,4,일반리뷰,,가격 대비 만족도 높습니다
RV00646,2026-08-17,쿠팡 로켓,SB-M-EVR-S,이브닝 리버서블 매트리스,S,3,일반리뷰,꺼짐,두 달 만에 가운데가 꺼졌어요
RV00647,2026-08-17,네이버 브랜드스토어,SB-T-ARB5-SS,올라운드 밸런스 토퍼 매트리스 5cm,SS,5,일반리뷰,,라이브 보고 샀는데 후회 없어요
RV00648,2026-08-18,자사몰,SB-M-ORG-Q,오리지널 매트리스 미디엄 소프트,Q,5,일반리뷰,,매장에서 누워보고 샀는데 그대로예요
RV00649,2026-08-18,네이버 브랜드스토어,SB-T-NMX-SS,더 뉴 맥시멈 토퍼 매트리스,SS,5,일반리뷰,,허리가 안 아파요 진짜 잘 삽니다
RV00650,2026-08-18,네이버 브랜드스토어,SB-T-ARB5-Q,올라운드 밸런스 토퍼 매트리스 5cm,Q,4,포토리뷰,,라이브 보고 샀는데 후회 없어요
RV00651,2026-08-18,쿠팡 로켓,SB-P-CLB,클라우드 버디 베개,단일,5,포토리뷰,,포장 뜯을 때 냄새 거의 없었어요
RV00652,2026-08-18,네이버 브랜드스토어,SB-P-CLL,클라우드 LOW 경추 베개,단일,4,일반리뷰,,아이 방에 놨는데 만족합니다
RV00653,2026-08-18,네이버 브랜드스토어,SB-P-CLB,클라우드 버디 베개,단일,5,일반리뷰,,토퍼만 바꿨는데 확실히 다르네요
RV00654,2026-08-18,네이버 브랜드스토어,SB-T-NMX-Q,더 뉴 맥시멈 토퍼 매트리스,Q,5,일반리뷰,,아이 방에 놨는데 만족합니다
RV00655,2026-08-18,네이버 브랜드스토어,SB-M-DFB-SS,딥플로우 밸런스 매트리스,SS,3,일반리뷰,꺼짐,누운 자리가 눌린 채로 안 돌아옵니다
RV00656,2026-08-18,자사몰,SB-T-ARB7-Q,올라운드 밸런스 토퍼 매트리스 7cm,Q,5,일반리뷰,,생각보다 두툼하고 좋아요
RV00657,2026-08-19,네이버 브랜드스토어,SB-P-CLB,클라우드 버디 베개,단일,4,포토리뷰,,남편도 저도 잘 자요
RV00658,2026-08-19,쿠팡 로켓,SB-T-NMX-SS,더 뉴 맥시멈 토퍼 매트리스,SS,5,일반리뷰,,쿠폰까지 받아서 잘 샀어요
RV00659,2026-08-19,쿠팡 로켓,SB-P-CLL,클라우드 LOW 경추 베개,단일,5,일반리뷰,,허리가 안 아파요 진짜 잘 삽니다
RV00660,2026-08-19,네이버 브랜드스토어,SB-M-DFB-SS,딥플로우 밸런스 매트리스,SS,5,포토리뷰,,라이브 보고 샀는데 후회 없어요
RV00661,2026-08-19,네이버 브랜드스토어,SB-T-ARB7-Q,올라운드 밸런스 토퍼 매트리스 7cm,Q,4,일반리뷰,,쿠폰까지 받아서 잘 샀어요
RV00662,2026-08-19,쿠팡 로켓,SB-P-CLL,클라우드 LOW 경추 베개,단일,3,포토리뷰,단단함,미디엄이라고 했는데 하드에 가깝습니다
RV00663,2026-08-19,네이버 브랜드스토어,SB-P-CLB,클라우드 버디 베개,단일,4,일반리뷰,,남편도 저도 잘 자요
RV00664,2026-08-19,네이버 브랜드스토어,SB-T-ARB5-SS,올라운드 밸런스 토퍼 매트리스 5cm,SS,4,포토리뷰,,남편도 저도 잘 자요
RV00665,2026-08-19,오늘의집,SB-T-ARC-Q,올라운드 컴포트 토퍼 매트리스,Q,5,일반리뷰,,가격 대비 만족도 높습니다
RV00666,2026-08-19,오늘의집,SB-P-CLB,클라우드 버디 베개,단일,4,일반리뷰,,남편도 저도 잘 자요
RV00667,2026-08-19,자사몰,SB-T-NMX-Q,더 뉴 맥시멈 토퍼 매트리스,Q,3,일반리뷰,설치,설치기사님이 시간 안 지키셨어요
RV00668,2026-08-19,네이버 브랜드스토어,SB-M-DFC-Q,딥플로우 컴포트 매트리스,Q,5,포토리뷰,,라이브 보고 샀는데 후회 없어요
RV00669,2026-08-19,자사몰,SB-T-ARB7-Q,올라운드 밸런스 토퍼 매트리스 7cm,Q,3,일반리뷰,단단함,미디엄이라고 했는데 하드에 가깝습니다
RV00670,2026-08-19,네이버 브랜드스토어,SB-M-DFC-Q,딥플로우 컴포트 매트리스,Q,2,일반리뷰,꺼짐,두 달 만에 가운데가 꺼졌어요
RV00671,2026-08-20,쿠팡 로켓,SB-T-NMX-Q,더 뉴 맥시멈 토퍼 매트리스,Q,4,포토리뷰,,생각보다 두툼하고 좋아요
RV00672,2026-08-20,네이버 브랜드스토어,SB-T-NMX-Q,더 뉴 맥시멈 토퍼 매트리스,Q,5,일반리뷰,,토퍼만 바꿨는데 확실히 다르네요
RV00673,2026-08-20,네이버 브랜드스토어,SB-T-ARCP-Q,올라운드 컴포트 플러스 토퍼 매트리스,Q,5,일반리뷰,,쿠폰까지 받아서 잘 샀어요
RV00674,2026-08-20,네이버 브랜드스토어,SB-T-ARB5-SS,올라운드 밸런스 토퍼 매트리스 5cm,SS,4,일반리뷰,,포장 뜯을 때 냄새 거의 없었어요
RV00675,2026-08-20,오늘의집,SB-T-ARB5-Q,올라운드 밸런스 토퍼 매트리스 5cm,Q,5,포토리뷰,,배송이랑 설치 다 깔끔했어요
RV00676,2026-08-20,네이버 브랜드스토어,SB-P-CLL,클라우드 LOW 경추 베개,단일,5,포토리뷰,,가격 대비 만족도 높습니다
RV00677,2026-08-20,오늘의집,SB-T-ARB5-SS,올라운드 밸런스 토퍼 매트리스 5cm,SS,5,포토리뷰,,포장 뜯을 때 냄새 거의 없었어요
RV00678,2026-08-20,네이버 브랜드스토어,SB-M-ORG-Q,오리지널 매트리스 미디엄 소프트,Q,5,포토리뷰,,허리가 안 아파요 진짜 잘 삽니다
RV00679,2026-08-20,네이버 브랜드스토어,SB-T-ARC-SS,올라운드 컴포트 토퍼 매트리스,SS,2,일반리뷰,꺼짐,누운 자리가 눌린 채로 안 돌아옵니다
RV00680,2026-08-20,네이버 브랜드스토어,SB-A-DPM,딥뮤트 수면안대,단일,3,포토리뷰,커버,커버 세탁 후 수축이 있었어요
RV00681,2026-08-20,네이버 브랜드스토어,SB-T-MAX-Q,맥시멈 토퍼 매트리스,Q,5,일반리뷰,,허리가 안 아파요 진짜 잘 삽니다
RV00682,2026-08-21,네이버 브랜드스토어,SB-P-CLL,클라우드 LOW 경추 베개,단일,4,포토리뷰,,아이 방에 놨는데 만족합니다
RV00683,2026-08-21,네이버 브랜드스토어,SB-M-DFC-Q,딥플로우 컴포트 매트리스,Q,2,포토리뷰,단단함,미디엄이라고 했는데 하드에 가깝습니다
RV00684,2026-08-21,네이버 브랜드스토어,SB-M-EVR-SS,이브닝 리버서블 매트리스,SS,5,일반리뷰,,매장에서 누워보고 샀는데 그대로예요
RV00685,2026-08-21,자사몰,SB-T-NMX-Q,더 뉴 맥시멈 토퍼 매트리스,Q,5,일반리뷰,,생각보다 두툼하고 좋아요
RV00686,2026-08-21,네이버 브랜드스토어,SB-M-DFC-Q,딥플로우 컴포트 매트리스,Q,3,포토리뷰,단단함,미디엄이라고 했는데 하드에 가깝습니다
RV00687,2026-08-21,네이버 브랜드스토어,SB-P-CLB,클라우드 버디 베개,단일,5,일반리뷰,,가격 대비 만족도 높습니다
RV00688,2026-08-21,쿠팡 로켓,SB-T-ARB5-Q,올라운드 밸런스 토퍼 매트리스 5cm,Q,5,일반리뷰,,쿠폰까지 받아서 잘 샀어요
RV00689,2026-08-21,오늘의집,SB-M-EVR-S,이브닝 리버서블 매트리스,S,4,일반리뷰,,매장에서 누워보고 샀는데 그대로예요
RV00690,2026-08-21,네이버 브랜드스토어,SB-T-NMX-SS,더 뉴 맥시멈 토퍼 매트리스,SS,5,포토리뷰,,남편도 저도 잘 자요
RV00691,2026-08-21,네이버 브랜드스토어,SB-M-DFC-Q,딥플로우 컴포트 매트리스,Q,5,일반리뷰,,가격 대비 만족도 높습니다
RV00692,2026-08-21,쿠팡 로켓,SB-M-DFC-Q,딥플로우 컴포트 매트리스,Q,5,일반리뷰,,매장에서 누워보고 샀는데 그대로예요
RV00693,2026-08-21,오늘의집,SB-T-NMX-Q,더 뉴 맥시멈 토퍼 매트리스,Q,4,일반리뷰,,배송이랑 설치 다 깔끔했어요
RV00694,2026-08-21,네이버 브랜드스토어,SB-M-DFC-SS,딥플로우 컴포트 매트리스,SS,4,포토리뷰,,통기성 좋아서 여름에도 안 덥네요
RV00695,2026-08-21,네이버 브랜드스토어,SB-P-CLL,클라우드 LOW 경추 베개,단일,4,일반리뷰,,남편도 저도 잘 자요
RV00696,2026-08-22,네이버 브랜드스토어,SB-A-DPM,딥뮤트 수면안대,단일,5,일반리뷰,,설치기사님 친절하셨습니다
RV00697,2026-08-22,네이버 브랜드스토어,SB-M-DFC-Q,딥플로우 컴포트 매트리스,Q,3,일반리뷰,냄새,새 제품 냄새가 며칠 갔어요
RV00698,2026-08-22,네이버 브랜드스토어,SB-M-EVS-Q,이브닝 스타릿 매트리스,Q,5,일반리뷰,,쿠폰까지 받아서 잘 샀어요
RV00699,2026-08-22,네이버 브랜드스토어,SB-A-DPM,딥뮤트 수면안대,단일,5,일반리뷰,,생각보다 두툼하고 좋아요
RV00700,2026-08-22,오늘의집,SB-M-DFC-Q,딥플로우 컴포트 매트리스,Q,3,일반리뷰,설치,설치 후 정리를 안 해주고 가셨습니다
RV00701,2026-08-22,네이버 브랜드스토어,SB-M-EVS-K,이브닝 스타릿 매트리스,K,5,일반리뷰,,허리가 안 아파요 진짜 잘 삽니다
RV00702,2026-08-22,네이버 브랜드스토어,SB-M-ORG-Q,오리지널 매트리스 미디엄 소프트,Q,5,일반리뷰,,배송이랑 설치 다 깔끔했어요
RV00703,2026-08-22,쿠팡 로켓,SB-T-ARB7-SS,올라운드 밸런스 토퍼 매트리스 7cm,SS,5,포토리뷰,,토퍼만 바꿨는데 확실히 다르네요
RV00704,2026-08-22,네이버 브랜드스토어,SB-M-DFC-Q,딥플로우 컴포트 매트리스,Q,4,일반리뷰,,매장에서 누워보고 샀는데 그대로예요
RV00705,2026-08-22,네이버 브랜드스토어,SB-M-EVS-Q,이브닝 스타릿 매트리스,Q,4,포토리뷰,,가격 대비 만족도 높습니다
RV00706,2026-08-22,네이버 브랜드스토어,SB-P-CLB,클라우드 버디 베개,단일,5,일반리뷰,,생각보다 두툼하고 좋아요
RV00707,2026-08-22,쿠팡 로켓,SB-T-NMX-Q,더 뉴 맥시멈 토퍼 매트리스,Q,5,일반리뷰,,가격 대비 만족도 높습니다
RV00708,2026-08-22,쿠팡 로켓,SB-T-MAX-SS,맥시멈 토퍼 매트리스,SS,4,일반리뷰,,가격 대비 만족도 높습니다
RV00709,2026-08-23,네이버 브랜드스토어,SB-M-DFB-Q,딥플로우 밸런스 매트리스,Q,5,일반리뷰,,쿠폰까지 받아서 잘 샀어요
RV00710,2026-08-23,오늘의집,SB-T-ARC-Q,올라운드 컴포트 토퍼 매트리스,Q,5,일반리뷰,,쿠폰까지 받아서 잘 샀어요
RV00711,2026-08-23,네이버 브랜드스토어,SB-M-DFC-Q,딥플로우 컴포트 매트리스,Q,2,일반리뷰,설치,설치 후 정리를 안 해주고 가셨습니다
RV00712,2026-08-23,오늘의집,SB-M-MFM-K,미드나잇 풀문 매트리스,K,5,포토리뷰,,통기성 좋아서 여름에도 안 덥네요
RV00713,2026-08-23,자사몰,SB-M-EVR-SS,이브닝 리버서블 매트리스,SS,5,일반리뷰,,토퍼만 바꿨는데 확실히 다르네요
RV00714,2026-08-23,네이버 브랜드스토어,SB-M-DFC-Q,딥플로우 컴포트 매트리스,Q,3,일반리뷰,꺼짐,두 달 만에 가운데가 꺼졌어요
RV00715,2026-08-23,네이버 브랜드스토어,SB-F-BAU-G,바우 키즈 원목 가드형 데이베드 침대,SS,5,일반리뷰,,아이 방에 놨는데 만족합니다
RV00716,2026-08-23,네이버 브랜드스토어,SB-T-ARB5-Q,올라운드 밸런스 토퍼 매트리스 5cm,Q,5,일반리뷰,,토퍼만 바꿨는데 확실히 다르네요
RV00717,2026-08-23,네이버 브랜드스토어,SB-T-ARC-SS,올라운드 컴포트 토퍼 매트리스,SS,5,포토리뷰,,통기성 좋아서 여름에도 안 덥네요
RV00718,2026-08-23,오늘의집,SB-F-AMD-K,아몬드 무헤드형 침대,K,4,일반리뷰,,매장에서 누워보고 샀는데 그대로예요
RV00719,2026-08-24,네이버 브랜드스토어,SB-M-EVR-Q,이브닝 리버서블 매트리스,Q,4,일반리뷰,,아이 방에 놨는데 만족합니다
RV00720,2026-08-24,자사몰,SB-M-EVR-Q,이브닝 리버서블 매트리스,Q,5,일반리뷰,,남편도 저도 잘 자요
RV00721,2026-08-24,네이버 브랜드스토어,SB-T-GRB-SS,그라운드 밸런스 토퍼 매트리스,SS,5,포토리뷰,,라이브 보고 샀는데 후회 없어요
RV00722,2026-08-24,오늘의집,SB-T-ARC-Q,올라운드 컴포트 토퍼 매트리스,Q,4,일반리뷰,,쿠폰까지 받아서 잘 샀어요
RV00723,2026-08-24,네이버 브랜드스토어,SB-T-NMX-Q,더 뉴 맥시멈 토퍼 매트리스,Q,5,일반리뷰,,통기성 좋아서 여름에도 안 덥네요
RV00724,2026-08-24,쿠팡 로켓,SB-A-DPM,딥뮤트 수면안대,단일,5,포토리뷰,,통기성 좋아서 여름에도 안 덥네요
RV00725,2026-08-24,자사몰,SB-T-ARB5-Q,올라운드 밸런스 토퍼 매트리스 5cm,Q,4,일반리뷰,,허리가 안 아파요 진짜 잘 삽니다
RV00726,2026-08-24,네이버 브랜드스토어,SB-T-NMX-SS,더 뉴 맥시멈 토퍼 매트리스,SS,5,포토리뷰,,토퍼만 바꿨는데 확실히 다르네요
RV00727,2026-08-24,쿠팡 로켓,SB-P-CLB,클라우드 버디 베개,단일,5,포토리뷰,,통기성 좋아서 여름에도 안 덥네요
RV00728,2026-08-24,오늘의집,SB-T-NMX-Q,더 뉴 맥시멈 토퍼 매트리스,Q,5,일반리뷰,,설치기사님 친절하셨습니다
RV00729,2026-08-25,오늘의집,SB-M-EVR-Q,이브닝 리버서블 매트리스,Q,5,일반리뷰,,통기성 좋아서 여름에도 안 덥네요
RV00730,2026-08-25,쿠팡 로켓,SB-M-DFB-Q,딥플로우 밸런스 매트리스,Q,5,포토리뷰,,남편도 저도 잘 자요
RV00731,2026-08-25,네이버 브랜드스토어,SB-M-DFC-Q,딥플로우 컴포트 매트리스,Q,3,포토리뷰,냄새,개봉하고 나서 화학약품 냄새가 심했습니다
RV00732,2026-08-25,네이버 브랜드스토어,SB-MO-EVM-SS,이브닝 모션 매트리스,SS,5,포토리뷰,,라이브 보고 샀는데 후회 없어요
RV00733,2026-08-25,네이버 브랜드스토어,SB-T-ARCP-Q,올라운드 컴포트 플러스 토퍼 매트리스,Q,5,일반리뷰,,아이 방에 놨는데 만족합니다
RV00734,2026-08-25,쿠팡 로켓,SB-T-ARC-Q,올라운드 컴포트 토퍼 매트리스,Q,5,일반리뷰,,포장 뜯을 때 냄새 거의 없었어요
RV00735,2026-08-25,자사몰,SB-T-MAX-SS,맥시멈 토퍼 매트리스,SS,3,일반리뷰,냄새,새 제품 냄새가 며칠 갔어요
RV00736,2026-08-25,쿠팡 로켓,SB-M-DFC-Q,딥플로우 컴포트 매트리스,Q,5,일반리뷰,,매장에서 누워보고 샀는데 그대로예요
RV00737,2026-08-25,네이버 브랜드스토어,SB-T-ARB5-Q,올라운드 밸런스 토퍼 매트리스 5cm,Q,5,일반리뷰,,라이브 보고 샀는데 후회 없어요
RV00738,2026-08-25,네이버 브랜드스토어,SB-M-ORG-Q,오리지널 매트리스 미디엄 소프트,Q,5,포토리뷰,,배송이랑 설치 다 깔끔했어요
RV00739,2026-08-25,네이버 브랜드스토어,SB-T-ARC-Q,올라운드 컴포트 토퍼 매트리스,Q,5,일반리뷰,,허리가 안 아파요 진짜 잘 삽니다
RV00740,2026-08-26,네이버 브랜드스토어,SB-T-ARB5-SS,올라운드 밸런스 토퍼 매트리스 5cm,SS,5,포토리뷰,,라이브 보고 샀는데 후회 없어요
RV00741,2026-08-26,네이버 브랜드스토어,SB-P-CLB,클라우드 버디 베개,단일,5,포토리뷰,,생각보다 두툼하고 좋아요
RV00742,2026-08-26,네이버 브랜드스토어,SB-MO-EVM-SS,이브닝 모션 매트리스,SS,5,포토리뷰,,쿠폰까지 받아서 잘 샀어요
RV00743,2026-08-26,네이버 브랜드스토어,SB-M-DFB-SS,딥플로우 밸런스 매트리스,SS,4,일반리뷰,,가격 대비 만족도 높습니다
RV00744,2026-08-26,쿠팡 로켓,SB-M-DFC-Q,딥플로우 컴포트 매트리스,Q,2,포토리뷰,꺼짐,두 달 만에 가운데가 꺼졌어요
RV00745,2026-08-26,쿠팡 로켓,SB-A-DPM,딥뮤트 수면안대,단일,4,일반리뷰,,매장에서 누워보고 샀는데 그대로예요
RV00746,2026-08-26,쿠팡 로켓,SB-T-ARC-SS,올라운드 컴포트 토퍼 매트리스,SS,5,일반리뷰,,남편도 저도 잘 자요
RV00747,2026-08-26,네이버 브랜드스토어,SB-T-NMX-Q,더 뉴 맥시멈 토퍼 매트리스,Q,2,일반리뷰,꺼짐,누운 자리가 눌린 채로 안 돌아옵니다
RV00748,2026-08-26,자사몰,SB-T-ARC-Q,올라운드 컴포트 토퍼 매트리스,Q,4,일반리뷰,,매장에서 누워보고 샀는데 그대로예요
RV00749,2026-08-27,네이버 브랜드스토어,SB-M-EVS-Q,이브닝 스타릿 매트리스,Q,4,일반리뷰,,통기성 좋아서 여름에도 안 덥네요
RV00750,2026-08-27,오늘의집,SB-M-EVR-S,이브닝 리버서블 매트리스,S,5,포토리뷰,,배송이랑 설치 다 깔끔했어요
RV00751,2026-08-27,자사몰,SB-T-ARB7-Q,올라운드 밸런스 토퍼 매트리스 7cm,Q,5,포토리뷰,,매장에서 누워보고 샀는데 그대로예요
RV00752,2026-08-27,네이버 브랜드스토어,SB-M-MFM-Q,미드나잇 풀문 매트리스,Q,4,일반리뷰,,쿠폰까지 받아서 잘 샀어요
RV00753,2026-08-27,자사몰,SB-P-CLL,클라우드 LOW 경추 베개,단일,2,포토리뷰,설치,설치 후 정리를 안 해주고 가셨습니다
RV00754,2026-08-27,네이버 브랜드스토어,SB-P-CLL,클라우드 LOW 경추 베개,단일,5,일반리뷰,,쿠폰까지 받아서 잘 샀어요
RV00755,2026-08-27,오늘의집,SB-M-EVS-Q,이브닝 스타릿 매트리스,Q,5,포토리뷰,,라이브 보고 샀는데 후회 없어요
RV00756,2026-08-27,쿠팡 로켓,SB-M-ORG-Q,오리지널 매트리스 미디엄 소프트,Q,5,포토리뷰,,포장 뜯을 때 냄새 거의 없었어요
RV00757,2026-08-27,네이버 브랜드스토어,SB-T-MAX-Q,맥시멈 토퍼 매트리스,Q,5,일반리뷰,,설치기사님 친절하셨습니다
RV00758,2026-08-27,네이버 브랜드스토어,SB-M-DFB-Q,딥플로우 밸런스 매트리스,Q,5,일반리뷰,,가격 대비 만족도 높습니다
RV00759,2026-08-27,자사몰,SB-M-EVR-SS,이브닝 리버서블 매트리스,SS,5,일반리뷰,,가격 대비 만족도 높습니다
RV00760,2026-08-27,오늘의집,SB-MO-EVM-SS,이브닝 모션 매트리스,SS,5,포토리뷰,,라이브 보고 샀는데 후회 없어요
RV00761,2026-08-28,네이버 브랜드스토어,SB-T-ARB7-Q,올라운드 밸런스 토퍼 매트리스 7cm,Q,3,일반리뷰,설치,설치기사님이 시간 안 지키셨어요
RV00762,2026-08-28,자사몰,SB-T-NMX-SS,더 뉴 맥시멈 토퍼 매트리스,SS,5,일반리뷰,,가격 대비 만족도 높습니다
RV00763,2026-08-28,쿠팡 로켓,SB-MO-EVM-SS,이브닝 모션 매트리스,SS,4,일반리뷰,,쿠폰까지 받아서 잘 샀어요
RV00764,2026-08-28,쿠팡 로켓,SB-MO-EVM-SS,이브닝 모션 매트리스,SS,5,일반리뷰,,아이 방에 놨는데 만족합니다
RV00765,2026-08-28,네이버 브랜드스토어,SB-T-ARB5-SS,올라운드 밸런스 토퍼 매트리스 5cm,SS,2,일반리뷰,배송지연,설치 날짜 잡는 데 계속 밀렸습니다
RV00766,2026-08-28,자사몰,SB-P-CLB,클라우드 버디 베개,단일,5,일반리뷰,,토퍼만 바꿨는데 확실히 다르네요
RV00767,2026-08-28,네이버 브랜드스토어,SB-M-DFC-Q,딥플로우 컴포트 매트리스,Q,2,포토리뷰,설치,설치 후 정리를 안 해주고 가셨습니다
RV00768,2026-08-28,네이버 브랜드스토어,SB-T-NMX-SS,더 뉴 맥시멈 토퍼 매트리스,SS,4,일반리뷰,,설치기사님 친절하셨습니다
RV00769,2026-08-28,오늘의집,SB-M-DFB-SS,딥플로우 밸런스 매트리스,SS,1,일반리뷰,단단함,생각보다 너무 딱딱해요
RV00770,2026-08-29,네이버 브랜드스토어,SB-M-DFB-Q,딥플로우 밸런스 매트리스,Q,5,일반리뷰,,허리가 안 아파요 진짜 잘 삽니다
RV00771,2026-08-29,네이버 브랜드스토어,SB-M-EVR-SS,이브닝 리버서블 매트리스,SS,5,일반리뷰,,토퍼만 바꿨는데 확실히 다르네요
RV00772,2026-08-29,오늘의집,SB-M-DFC-Q,딥플로우 컴포트 매트리스,Q,1,일반리뷰,단단함,생각보다 너무 딱딱해요
RV00773,2026-08-29,쿠팡 로켓,SB-T-MAX-SS,맥시멈 토퍼 매트리스,SS,3,포토리뷰,단단함,미디엄이라고 했는데 하드에 가깝습니다
RV00774,2026-08-29,네이버 브랜드스토어,SB-T-ARB7-Q,올라운드 밸런스 토퍼 매트리스 7cm,Q,5,일반리뷰,,포장 뜯을 때 냄새 거의 없었어요
RV00775,2026-08-29,자사몰,SB-M-EVR-Q,이브닝 리버서블 매트리스,Q,4,포토리뷰,,설치기사님 친절하셨습니다
RV00776,2026-08-29,자사몰,SB-M-DFB-SS,딥플로우 밸런스 매트리스,SS,2,일반리뷰,커버,커버 세탁 후 수축이 있었어요
RV00777,2026-08-29,네이버 브랜드스토어,SB-T-ARB5-Q,올라운드 밸런스 토퍼 매트리스 5cm,Q,5,일반리뷰,,쿠폰까지 받아서 잘 샀어요
RV00778,2026-08-30,쿠팡 로켓,SB-A-DPM,딥뮤트 수면안대,단일,5,포토리뷰,,매장에서 누워보고 샀는데 그대로예요
RV00779,2026-08-30,쿠팡 로켓,SB-T-NMX-Q,더 뉴 맥시멈 토퍼 매트리스,Q,4,일반리뷰,,토퍼만 바꿨는데 확실히 다르네요
RV00780,2026-08-30,자사몰,SB-M-EVS-K,이브닝 스타릿 매트리스,K,5,일반리뷰,,아이 방에 놨는데 만족합니다
RV00781,2026-08-30,네이버 브랜드스토어,SB-M-EVS-Q,이브닝 스타릿 매트리스,Q,1,일반리뷰,커버,커버 지퍼가 뻑뻑합니다
RV00782,2026-08-30,자사몰,SB-P-CLL,클라우드 LOW 경추 베개,단일,5,일반리뷰,,가격 대비 만족도 높습니다
RV00783,2026-08-30,네이버 브랜드스토어,SB-T-ARB7-Q,올라운드 밸런스 토퍼 매트리스 7cm,Q,4,일반리뷰,,배송이랑 설치 다 깔끔했어요
RV00784,2026-08-30,네이버 브랜드스토어,SB-F-AMD-K,아몬드 무헤드형 침대,K,2,일반리뷰,설치,설치기사님이 시간 안 지키셨어요
RV00785,2026-08-30,네이버 브랜드스토어,SB-T-ARB5-Q,올라운드 밸런스 토퍼 매트리스 5cm,Q,5,일반리뷰,,설치기사님 친절하셨습니다
RV00786,2026-08-30,쿠팡 로켓,SB-T-NMX-SS,더 뉴 맥시멈 토퍼 매트리스,SS,3,포토리뷰,냄새,새 제품 냄새가 며칠 갔어요
RV00787,2026-08-30,네이버 브랜드스토어,SB-T-ARCP-Q,올라운드 컴포트 플러스 토퍼 매트리스,Q,4,일반리뷰,,통기성 좋아서 여름에도 안 덥네요
RV00788,2026-08-30,쿠팡 로켓,SB-T-ARB5-Q,올라운드 밸런스 토퍼 매트리스 5cm,Q,1,일반리뷰,냄새,새 제품 냄새가 며칠 갔어요
RV00789,2026-08-30,네이버 브랜드스토어,SB-F-AMD-K,아몬드 무헤드형 침대,K,4,포토리뷰,,아이 방에 놨는데 만족합니다
RV00790,2026-08-30,자사몰,SB-T-ARB7-SS,올라운드 밸런스 토퍼 매트리스 7cm,SS,2,일반리뷰,배송지연,설치 날짜 잡는 데 계속 밀렸습니다
RV00791,2026-08-30,네이버 브랜드스토어,SB-T-NMX-Q,더 뉴 맥시멈 토퍼 매트리스,Q,5,포토리뷰,,포장 뜯을 때 냄새 거의 없었어요
RV00792,2026-08-31,네이버 브랜드스토어,SB-T-ARC-Q,올라운드 컴포트 토퍼 매트리스,Q,5,일반리뷰,,생각보다 두툼하고 좋아요
RV00793,2026-08-31,네이버 브랜드스토어,SB-T-ARB5-Q,올라운드 밸런스 토퍼 매트리스 5cm,Q,3,포토리뷰,꺼짐,누운 자리가 눌린 채로 안 돌아옵니다
RV00794,2026-08-31,네이버 브랜드스토어,SB-P-CLL,클라우드 LOW 경추 베개,단일,5,일반리뷰,,포장 뜯을 때 냄새 거의 없었어요
RV00795,2026-08-31,쿠팡 로켓,SB-M-EVR-Q,이브닝 리버서블 매트리스,Q,5,일반리뷰,,가격 대비 만족도 높습니다
RV00796,2026-08-31,네이버 브랜드스토어,SB-M-EVR-Q,이브닝 리버서블 매트리스,Q,4,일반리뷰,,라이브 보고 샀는데 후회 없어요
RV00797,2026-08-31,쿠팡 로켓,SB-T-ARB5-Q,올라운드 밸런스 토퍼 매트리스 5cm,Q,5,일반리뷰,,설치기사님 친절하셨습니다
RV00798,2026-08-31,오늘의집,SB-T-ARB5-Q,올라운드 밸런스 토퍼 매트리스 5cm,Q,5,일반리뷰,,포장 뜯을 때 냄새 거의 없었어요
RV00799,2026-08-31,네이버 브랜드스토어,SB-M-EVR-S,이브닝 리버서블 매트리스,S,5,일반리뷰,,라이브 보고 샀는데 후회 없어요
RV00800,2026-08-31,오늘의집,SB-M-ORG-SS,오리지널 매트리스 미디엄 소프트,SS,4,일반리뷰,,쿠폰까지 받아서 잘 샀어요
RV00801,2026-08-31,오늘의집,SB-T-MAX-SS,맥시멈 토퍼 매트리스,SS,2,일반리뷰,단단함,미디엄이라고 했는데 하드에 가깝습니다
RV00802,2026-08-31,쿠팡 로켓,SB-P-CLB,클라우드 버디 베개,단일,4,일반리뷰,,라이브 보고 샀는데 후회 없어요
